RT	MZ	MZdeviation
118.741997	783.001526	33.183304
121.448997	722.526550	35.255554
121.448997	725.768066	34.103153
121.448997	726.768982	36.568375
121.448997	729.760376	33.684212
121.448997	730.817261	30.247719
121.448997	739.785156	34.093102
121.448997	743.779419	34.043789
121.448997	744.779663	30.948881
121.448997	755.799377	30.602940
121.448997	755.863525	31.058659
121.448997	757.794617	37.500744
121.448997	759.794983	31.519823
121.448997	783.575317	35.269089
121.448997	831.574646	39.473297
121.448997	845.150879	32.553383
121.448997	847.702576	33.811752
121.448997	859.606750	35.329975
121.448997	867.937805	34.020489
121.448997	869.608215	32.427002
121.448997	887.960815	33.235401
122.628998	721.506348	35.870293
122.628998	723.531799	36.062805
122.628998	724.535950	34.527313
122.628998	725.421509	30.653097
122.628998	737.481140	34.379635
122.628998	760.579590	30.859287
122.628998	761.946960	30.617603
122.628998	768.575989	30.488499
122.628998	785.610413	30.803452
122.628998	803.544556	34.390232
122.628998	814.356140	31.287689
122.628998	817.512573	31.091772
122.628998	855.460693	32.945957
122.628998	859.721497	33.415703
122.628998	866.795715	34.903984
123.779999	730.141296	29.518576
123.779999	731.193726	29.340017
123.779999	738.810913	30.617493
123.779999	771.478455	30.593292
123.779999	782.560364	31.901117
123.779999	794.435486	35.086685
123.779999	799.958130	32.558086
123.779999	809.400574	31.575768
123.779999	836.076172	31.539501
123.779999	841.927979	30.850023
123.779999	894.312622	33.485752
124.932999	740.566040	30.513863
124.932999	765.047546	31.040794
124.932999	801.484802	31.280788
124.932999	863.874512	36.806793
124.932999	873.538208	35.325092
126.082001	724.195740	30.356077
126.082001	756.510803	30.249191
126.082001	779.008240	31.635485
126.082001	784.942871	31.379454
126.082001	792.314819	30.960793
126.082001	805.738037	30.710922
126.082001	817.942566	31.545820
126.082001	818.891602	35.327065
126.082001	848.929321	31.933594
127.235001	770.906372	30.090939
127.235001	781.691223	30.415611
127.235001	802.136902	31.291483
127.235001	805.342163	33.222733
127.235001	861.724548	32.714977
127.235001	871.179504	35.666840
127.235001	877.003357	32.548126
128.376007	761.010498	29.650812
128.376007	811.143433	32.428478
128.376007	891.526245	37.006542
128.376007	894.154602	32.865276
128.376007	899.167542	32.844696
129.513000	736.798706	30.346411
129.513000	752.020264	31.216978
129.513000	763.490479	30.113522
129.513000	827.057617	31.827547
129.513000	880.033508	31.780527
129.513000	893.146912	33.103489
129.513000	897.162292	33.244251
130.647995	722.394104	30.363993
130.647995	742.495667	30.872427
130.647995	751.008240	30.773674
130.647995	828.896362	31.665871
130.647995	859.975220	33.011551
130.647995	869.384094	33.593979
131.781998	726.363647	30.730869
131.781998	732.282776	31.393345
131.781998	756.585999	31.287390
131.781998	760.655396	31.231039
131.781998	806.588806	30.748262
131.781998	807.536682	30.494701
131.781998	811.977966	33.039242
131.781998	812.400513	30.848114
131.781998	864.293518	33.036304
131.781998	888.262146	33.581390
131.781998	895.167236	36.197807
132.919006	771.248108	31.221338
132.919006	825.002075	35.838013
132.919006	881.967224	36.472630
132.919006	887.985046	33.655857
132.919006	894.154297	37.004238
134.054001	743.566772	33.248428
134.054001	787.004211	33.215286
134.054001	809.981812	30.843046
134.054001	814.458923	32.425480
134.054001	818.979614	35.149353
134.054001	821.012451	32.079678
134.054001	821.808716	31.319319
134.054001	823.994995	34.552799
134.054001	876.108093	32.609825
134.054001	888.994751	37.132408
135.190002	750.505554	31.121912
135.190002	767.512878	30.434494
135.190002	796.274658	36.873684
135.190002	831.020752	36.603416
135.190002	881.963745	34.001961
135.190002	887.424133	32.968216
135.190002	895.016235	33.214260
136.328995	720.409729	29.106863
136.328995	725.982910	31.025658
136.328995	742.992859	30.203325
136.328995	745.445435	30.491730
136.328995	764.496704	29.138752
136.328995	766.452454	34.416759
136.328995	818.982727	31.267382
136.328995	824.017212	35.489109
136.328995	826.610840	31.556509
136.328995	843.448059	31.577433
136.328995	844.744995	33.286655
136.328995	858.967346	32.522205
136.328995	869.040100	34.476604
136.328995	887.988770	32.947098
136.328995	890.155762	33.639881
136.328995	894.007385	36.854317
136.328995	895.163818	36.191532
137.468002	727.218445	29.659386
137.468002	763.513123	31.083826
137.468002	768.078430	30.293966
137.468002	791.166443	31.552481
137.468002	808.726990	31.535122
137.468002	817.562622	32.367607
137.468002	841.685242	32.091507
137.468002	880.215698	34.310482
138.608994	748.979187	30.888672
138.608994	756.999695	30.624678
138.608994	766.019714	29.445780
138.608994	774.168762	30.287880
138.608994	796.268799	33.305180
138.608994	829.053345	31.508654
138.608994	829.771484	31.939222
138.608994	839.539307	30.751844
138.608994	882.970276	39.445694
138.608994	883.280212	32.936470
138.608994	887.985229	37.195690
138.608994	896.167603	33.349171
139.755997	724.551575	30.633965
139.755997	754.832275	30.012297
139.755997	793.213562	31.180058
139.755997	793.960693	31.958878
139.755997	796.362366	31.551723
139.755997	802.304626	31.977940
139.755997	867.412537	31.886551
139.755997	894.007446	35.849682
140.903000	724.569946	29.592779
140.903000	743.969788	30.117554
140.903000	760.109619	30.402332
140.903000	760.410706	31.842098
140.903000	785.140686	34.986164
140.903000	787.001343	35.445419
140.903000	801.289917	30.893160
140.903000	813.237427	31.524221
140.903000	835.437317	32.357822
140.903000	891.065552	33.192696
142.072006	728.024719	30.500704
142.072006	736.828308	30.744141
142.072006	744.967651	31.044573
142.072006	746.030457	31.285658
142.072006	796.633972	30.752920
142.072006	817.026428	31.183928
142.072006	818.938782	32.006496
142.072006	830.908447	31.448994
142.072006	838.052490	31.754190
142.072006	868.644897	36.429844
142.072006	874.665466	33.987644
143.225006	729.299866	32.758282
143.225006	744.160461	31.068502
143.225006	828.278564	32.102127
143.225006	830.288330	32.255962
143.225006	852.252319	32.881203
143.225006	854.373535	34.801155
144.376007	725.201172	28.687635
144.376007	767.604431	31.345678
144.376007	797.573364	31.724781
144.376007	837.304016	31.896324
144.376007	895.163879	34.158558
145.526001	720.270386	36.464104
145.526001	721.274719	34.917561
145.526001	742.343567	34.600563
145.526001	814.090881	31.438496
145.526001	828.275269	33.334530
145.526001	852.355774	36.942101
145.526001	856.754944	32.262405
145.526001	877.299683	35.981754
146.697998	725.201233	28.663349
146.697998	729.299866	35.244064
146.697998	804.336914	31.185242
146.697998	829.280945	31.421831
146.697998	863.067322	32.716225
147.850006	720.269226	35.779514
147.850006	721.272156	32.599194
147.850006	741.161316	30.411198
147.850006	742.343567	35.527588
147.850006	751.375732	35.150200
147.850006	752.576965	35.171932
147.850006	786.139587	30.955429
147.850006	828.275269	34.238544
147.850006	883.357727	32.668709
149.003998	780.501587	31.871496
149.003998	790.661926	29.912920
149.003998	829.277710	31.324354
149.003998	850.891418	32.555962
149.003998	854.702087	32.201897
149.003998	896.953125	33.700462
150.160995	721.274719	35.584160
150.160995	725.977661	30.215326
150.160995	729.299805	35.529972
150.160995	734.004150	29.407909
150.160995	837.303955	35.259102
150.160995	849.959351	32.542152
150.160995	861.561523	32.321766
151.322998	848.743408	32.856071
151.322998	852.355896	31.634836
152.490997	720.674622	30.396606
152.490997	724.577759	30.024033
152.490997	732.772644	29.833488
152.490997	829.277771	31.960014
152.490997	837.310547	31.184526
152.490997	886.173218	34.721001
152.490997	893.147034	36.857353
152.490997	894.021851	34.762775
153.664001	765.615906	31.412127
153.664001	766.054016	31.468006
153.664001	776.472534	31.643778
153.664001	779.370239	31.873051
153.664001	789.526306	31.416048
153.664001	791.608826	30.955339
153.664001	815.102112	30.735435
153.664001	824.449280	34.304054
153.664001	846.517578	31.907452
153.664001	861.741577	32.499546
153.664001	890.697937	33.494846
154.845001	769.678223	30.282686
154.845001	771.397888	30.540800
154.845001	774.012817	30.347536
154.845001	776.893799	34.521797
154.845001	780.258789	31.370686
154.845001	800.097839	31.480989
154.845001	864.972900	32.771355
154.845001	889.838684	34.668709
154.845001	894.765076	32.591862
156.026001	783.845947	30.986092
156.026001	786.876892	32.337009
156.026001	814.883545	34.621021
156.026001	857.307434	32.547318
156.026001	871.704407	32.236691
156.026001	897.678467	33.183292
157.222000	731.206909	28.921730
157.222000	745.297974	30.652889
157.222000	752.918030	30.181410
157.222000	782.510315	30.674143
157.222000	791.611755	31.563063
157.222000	834.097046	32.073101
157.222000	845.183533	32.691139
157.222000	850.951477	32.952789
157.222000	879.767334	35.506939
158.393997	741.651978	30.522230
158.393997	775.987854	31.551756
158.393997	777.155518	30.842014
158.393997	793.393616	30.529467
158.393997	828.870911	31.998878
158.393997	847.699036	32.434387
158.393997	851.221497	32.163837
158.393997	893.200867	32.771755
158.393997	893.964539	35.713722
159.561996	754.106384	31.172623
159.561996	762.308411	29.996124
159.561996	769.615234	30.005013
159.561996	770.840332	30.754791
159.561996	846.203613	32.033806
159.561996	861.222351	34.077999
159.561996	882.681702	33.810627
159.561996	885.925476	32.735394
159.561996	890.337708	39.897488
159.561996	899.714355	33.532589
160.729996	722.918274	29.544441
160.729996	752.879272	29.977438
160.729996	801.844299	31.571371
160.729996	808.418579	31.458401
160.729996	809.827209	32.448154
160.729996	813.150330	30.930332
160.729996	822.919861	32.065685
160.729996	829.236084	31.906830
160.729996	847.198975	35.952168
160.729996	886.236938	32.753632
160.729996	899.960693	32.531940
161.940994	778.171326	31.512262
161.940994	809.066833	31.851164
161.940994	822.888184	32.144924
161.940994	889.902832	33.965611
163.112000	767.025452	30.994032
163.112000	772.333435	30.570498
163.112000	776.490051	31.537775
163.112000	818.523865	33.757030
163.112000	846.233459	32.046680
163.112000	854.960571	34.965641
163.112000	863.976807	31.656204
163.112000	884.243164	33.442207
163.112000	886.764954	33.219357
163.112000	890.341370	32.434589
164.287994	722.579346	29.556377
164.287994	732.432068	30.157028
164.287994	760.520569	30.154568
164.287994	809.116394	31.832657
164.287994	824.973877	31.163965
164.287994	836.183350	36.368839
164.287994	852.529785	34.118271
164.287994	858.268555	32.615322
164.287994	872.551514	34.166767
164.287994	893.842651	33.825104
164.287994	898.852966	33.725498
165.464005	744.659485	30.646084
165.464005	750.381775	35.099598
165.464005	770.033875	30.177139
165.464005	788.408020	31.676029
165.464005	793.795776	33.389236
165.464005	873.004883	32.333481
165.464005	893.534241	32.790741
166.641998	726.237854	30.475008
166.641998	748.995911	30.442669
166.641998	766.988403	34.650730
166.641998	786.125000	31.313869
166.641998	795.720398	32.127525
166.641998	800.663208	31.793886
166.641998	812.435059	37.415257
166.641998	849.328003	32.706512
166.641998	857.823242	32.798252
166.641998	869.453125	32.715233
166.641998	890.337769	36.010056
167.820007	761.157227	31.854097
167.820007	808.616211	31.824745
167.820007	823.563660	31.243649
167.820007	835.910950	32.146584
167.820007	837.688110	32.342213
167.820007	839.239319	32.254532
167.820007	892.756836	34.099876
168.994003	723.544922	29.596741
168.994003	733.940308	30.443483
168.994003	749.634644	31.387815
168.994003	759.508118	30.292458
168.994003	773.550659	31.112658
168.994003	777.210815	34.366322
168.994003	792.317871	31.010750
168.994003	803.474304	32.216068
168.994003	841.675659	31.880508
170.164001	749.196716	34.864269
170.164001	761.157104	37.024586
170.164001	775.262939	35.307953
170.164001	783.510254	31.224428
170.164001	790.312988	37.236259
170.164001	806.367737	38.193993
170.164001	813.735779	31.996906
170.164001	822.245422	36.703400
171.334000	722.435913	29.924139
171.334000	792.317871	33.614376
171.334000	827.373901	31.668320
172.520004	777.210815	37.098846
172.520004	790.313049	35.602871
172.520004	791.315918	37.849274
172.520004	793.321655	30.853786
172.520004	806.367798	31.898998
172.520004	807.372803	36.790222
172.520004	822.245483	37.629589
172.520004	826.378235	32.377243
172.520004	857.364746	37.059967
172.520004	859.231201	31.692863
172.520004	862.734009	32.367256
172.520004	876.164001	33.671547
173.686005	765.155579	30.048513
173.686005	775.263550	37.419209
173.686005	777.268982	31.435127
173.686005	784.987244	31.254519
173.686005	806.189575	37.165604
173.686005	813.100586	31.739368
173.686005	839.125000	32.061127
173.686005	874.693359	31.883972
173.686005	889.098206	32.395363
173.686005	890.929993	33.210529
173.686005	895.239563	33.180016
174.848999	751.005737	30.997513
174.848999	761.157227	29.820927
174.848999	776.266541	35.460930
174.848999	777.207947	37.489887
174.848999	779.934326	31.156811
174.848999	789.079956	35.252110
174.848999	792.320923	36.908184
174.848999	806.364807	34.662739
174.848999	806.669189	34.462982
174.848999	807.198364	34.738068
174.848999	807.370789	35.970684
174.848999	822.245544	38.623600
174.848999	823.249634	36.665031
174.848999	838.300232	35.252853
174.848999	885.982178	32.452080
174.848999	886.970581	33.915173
174.848999	890.013428	33.808525
176.011002	762.848267	37.350731
176.011002	790.312988	35.471672
176.011002	791.316040	38.412918
176.011002	798.069519	29.987780
176.011002	806.192627	38.655315
176.011002	812.012451	31.317331
176.011002	821.239990	31.469185
176.011002	825.228271	32.152184
176.011002	839.634155	31.648277
176.011002	847.974060	32.201855
176.011002	859.227722	38.867268
176.011002	880.577026	32.551193
176.011002	899.902771	33.130844
177.197998	730.989563	30.608816
177.197998	733.313538	32.977612
177.197998	752.183899	29.821520
177.197998	760.441772	30.197588
177.197998	773.120605	30.960455
177.197998	775.202209	30.931761
177.197998	777.266113	34.850784
177.197998	792.317932	36.711708
177.197998	800.599426	31.628408
177.197998	806.989075	31.847845
177.197998	807.198364	34.951073
177.197998	823.252808	36.994289
177.197998	834.686035	31.465391
177.197998	838.300232	36.885963
177.197998	841.184265	32.026699
177.197998	844.613464	31.653097
177.197998	844.893555	32.184391
177.197998	860.991821	36.233932
177.197998	863.775818	33.320229
177.197998	866.919189	32.932220
177.197998	890.737366	35.815029
178.360992	730.167786	30.810583
178.360992	749.216003	30.525444
178.360992	766.287415	29.974836
178.360992	787.081360	30.125013
178.360992	806.367737	37.511837
178.360992	807.368103	37.233780
178.360992	835.385498	32.774605
178.360992	869.793823	31.519852
179.520996	733.313538	35.367916
179.520996	774.166138	30.239904
179.520996	776.266479	33.940796
179.520996	780.215027	31.480574
179.520996	792.317932	38.585323
179.520996	805.910095	32.093800
179.520996	807.170593	32.221733
179.520996	807.198303	36.978947
179.520996	811.484802	31.484613
179.520996	822.245483	34.098179
179.520996	823.252808	38.245251
179.520996	885.140320	36.034550
179.520996	894.930481	33.388241
180.682999	727.434631	29.349886
180.682999	764.687073	34.884293
180.682999	788.051575	31.666397
180.682999	791.235413	30.724953
180.682999	791.316345	37.433147
180.682999	806.192688	38.445179
180.682999	806.364807	34.364628
180.682999	838.303467	32.418549
180.682999	876.066589	32.723351
181.841995	773.518860	32.314541
181.841995	775.263611	37.967915
181.841995	776.263550	36.583759
181.841995	776.359375	30.508371
181.841995	777.268982	31.274330
181.841995	790.313110	34.499840
181.841995	792.317871	34.905327
181.841995	807.367615	38.434605
181.841995	821.325317	31.542789
181.841995	822.327759	38.469589
181.841995	823.068909	31.678125
181.841995	823.411316	31.486870
181.841995	838.381653	30.102852
181.841995	885.140320	37.129898
181.841995	889.162231	33.778706
183.007004	735.046448	29.519278
183.007004	776.617859	31.159473
183.007004	791.316162	37.094406
183.007004	797.044739	32.024593
183.007004	799.281433	33.602497
183.007004	805.271729	37.613213
183.007004	807.198303	37.346424
183.007004	819.291382	31.996925
183.007004	822.245483	31.062759
183.007004	823.252808	37.974548
183.007004	838.570679	32.060562
183.007004	847.129578	31.994181
183.007004	847.235535	36.605850
183.007004	850.132568	32.360649
183.007004	858.731140	32.748592
183.007004	894.962830	33.631840
184.171005	721.056580	31.858179
184.171005	745.620483	29.534817
184.171005	754.782288	30.857166
184.171005	775.349915	29.303658
184.171005	776.266479	34.486683
184.171005	777.542419	31.290005
184.171005	781.688416	30.131294
184.171005	784.120056	31.352921
184.171005	790.313049	36.814869
184.171005	793.303650	31.290970
184.171005	821.325317	38.711033
184.171005	822.330933	38.636551
184.171005	838.381592	33.969036
184.171005	851.775146	31.622461
184.171005	886.141418	32.518051
185.339996	732.174072	30.477819
185.339996	789.678284	31.176123
185.339996	806.364807	30.049072
185.339996	818.464172	32.200951
185.339996	873.687317	32.423782
185.339996	887.300415	32.727661
186.518997	723.351624	30.753681
186.518997	757.293457	31.224310
186.518997	757.601257	30.253292
186.518997	826.419678	31.304672
186.518997	858.518311	31.507172
186.518997	885.143799	35.298100
186.518997	892.670776	33.341480
187.703003	783.218933	30.857630
187.703003	791.315979	32.022823
187.703003	812.537537	30.567776
187.703003	820.438232	30.973988
187.703003	827.671082	32.311749
187.703003	879.403259	33.000313
187.703003	885.971436	32.911243
188.895004	726.755676	34.878864
188.895004	728.893066	29.854120
188.895004	746.632629	30.184929
188.895004	767.710266	30.334797
188.895004	769.990845	31.129745
188.895004	781.779419	30.949690
188.895004	781.870361	31.756737
188.895004	811.218018	31.789038
188.895004	864.775024	33.220528
190.095993	747.487793	30.522915
190.095993	779.931396	30.940531
190.095993	806.736816	31.623333
190.095993	835.061646	31.519314
190.095993	857.597412	32.387115
191.306000	738.482239	30.033783
191.306000	808.128784	31.330027
191.306000	861.772278	31.144970
191.306000	863.465759	32.073742
191.306000	883.939758	36.438847
191.306000	886.520447	36.204586
191.306000	895.937500	34.746914
192.526001	742.186462	30.062141
192.526001	744.288757	30.258734
192.526001	744.525940	29.727751
192.526001	766.475525	30.014320
192.526001	774.244263	31.381084
192.526001	790.697998	35.039364
192.526001	794.210266	31.474714
192.526001	795.265808	31.276447
192.526001	800.985718	32.174343
192.526001	821.780579	32.041416
192.526001	837.070190	31.687140
192.526001	837.125427	31.225147
192.526001	841.390686	31.026314
192.526001	847.735596	32.218849
192.526001	859.677673	33.440022
192.526001	867.704346	31.760988
192.526001	869.023254	32.119968
192.526001	871.159058	33.827957
193.746002	721.347839	29.721157
193.746002	761.007935	30.719728
193.746002	786.477295	35.159977
193.746002	816.782288	30.930958
193.746002	833.528564	31.509451
193.746002	839.627808	32.232338
193.746002	840.470947	32.315296
193.746002	847.291870	31.663483
193.746002	872.880371	32.849121
193.746002	892.098511	32.175056
194.975998	731.209778	30.126677
194.975998	732.035889	30.431202
194.975998	759.882019	30.966085
194.975998	776.495972	30.720770
194.975998	799.581848	29.518206
194.975998	806.493958	31.618654
194.975998	816.134094	32.109638
194.975998	820.845398	34.900021
194.975998	862.700134	33.100391
196.212006	721.501343	30.022856
196.212006	729.887329	29.324717
196.212006	732.677002	29.649395
196.212006	736.222168	29.436003
196.212006	743.863831	30.524603
196.212006	745.694397	30.346851
196.212006	750.909119	29.845469
196.212006	752.954346	30.361677
196.212006	755.241882	30.181780
196.212006	763.414368	30.225983
196.212006	775.634155	30.146057
196.212006	790.751770	36.318951
196.212006	803.893372	31.697561
196.212006	860.080505	33.193989
196.212006	868.095642	32.522446
196.212006	868.414978	33.704170
196.212006	879.617065	32.825966
196.212006	886.339905	32.337448
196.212006	893.304932	33.353203
197.464005	731.730286	33.783188
197.464005	780.818054	31.375561
197.464005	800.289429	32.219471
197.464005	814.375061	34.559864
197.464005	824.872253	31.843578
197.464005	879.907776	32.841000
197.464005	896.218445	36.486004
198.699005	778.235657	30.534580
198.699005	780.048462	31.089573
198.699005	792.803223	31.202141
198.699005	793.297852	32.125538
198.699005	795.521790	32.015511
198.699005	805.861084	31.751083
198.699005	820.309143	31.072906
199.927994	723.586853	29.737635
199.927994	735.196350	29.714817
199.927994	740.160645	28.858850
199.927994	776.699341	31.768673
199.927994	780.174194	31.243269
199.927994	783.993469	30.919600
199.927994	785.096619	30.851770
199.927994	786.838623	31.564072
199.927994	831.223877	32.029564
199.927994	847.874817	33.430023
199.927994	876.160645	32.813782
199.927994	878.871704	32.600906
199.927994	881.409119	32.836365
199.927994	887.151550	37.819656
201.149002	730.419556	33.275917
201.149002	747.010742	30.118759
201.149002	748.888672	29.726669
201.149002	754.053650	30.443510
201.149002	771.383667	29.849457
201.149002	773.975403	31.026155
201.149002	778.276428	30.550076
201.149002	782.836731	30.852219
201.149002	795.910339	31.809027
201.149002	835.362976	35.914864
201.149002	840.513428	37.105095
201.149002	842.144592	32.365871
201.149002	842.883179	31.273907
201.149002	843.073669	32.613518
201.149002	851.705200	32.111290
201.149002	853.496216	32.520161
201.149002	867.104248	32.684937
201.149002	890.509033	35.316639
202.406998	725.023193	29.607639
202.406998	740.060608	29.890875
202.406998	758.220337	31.644615
202.406998	760.365845	33.760185
202.406998	786.415100	31.234911
202.406998	797.576660	31.706285
202.406998	801.658630	31.262438
202.406998	814.206604	31.511171
202.406998	820.589783	32.681400
202.406998	829.733337	31.842623
202.406998	867.800415	32.187782
202.406998	891.540833	34.773052
203.613998	727.242371	29.036974
203.613998	788.800354	30.224621
203.613998	809.644836	31.530024
203.613998	810.697205	31.172880
203.613998	820.665405	35.338249
203.613998	824.808533	30.971050
203.613998	826.155090	32.395695
203.613998	845.348572	33.332207
203.613998	846.048401	34.984539
203.613998	847.304993	32.549824
203.613998	854.947144	32.896721
203.613998	856.492676	32.056488
203.613998	858.538574	33.672123
203.613998	866.730713	32.054600
203.613998	871.511108	32.617577
203.613998	887.275513	33.617729
203.613998	889.311707	33.789444
203.613998	892.234253	34.713612
203.613998	895.106506	33.855690
204.815994	752.419312	33.513161
204.815994	760.914917	30.062223
204.815994	851.511719	39.383224
204.815994	854.906982	35.693802
204.815994	864.884338	32.492168
204.815994	868.256958	36.652008
206.011002	737.110413	30.706726
206.011002	744.117004	34.788300
206.011002	753.018005	30.860386
206.011002	769.451965	30.681705
206.011002	783.021912	31.422327
206.011002	795.353027	31.253695
206.011002	809.156555	30.901127
206.011002	812.338684	31.685396
206.011002	812.503418	32.574284
206.011002	834.013184	32.644581
206.011002	836.498230	31.956924
206.011002	842.544861	31.980843
206.011002	875.047668	32.534172
206.011002	889.885132	33.233120
207.246994	742.987671	30.494576
207.246994	754.954956	29.864088
207.246994	758.231506	29.594410
207.246994	762.814514	31.795946
207.246994	790.012085	30.302385
207.246994	798.899475	30.931696
207.246994	804.615845	32.451530
207.246994	810.378296	32.205925
207.246994	812.963806	31.312948
207.246994	816.869995	31.046713
207.246994	822.308899	32.503544
207.246994	845.906494	32.226120
207.246994	846.038635	33.169579
207.246994	846.517761	33.361851
207.246994	850.435486	33.806717
207.246994	887.598572	33.678097
208.438004	725.657776	30.603178
208.438004	742.343872	30.254593
208.438004	758.147461	29.826931
208.438004	785.456909	31.394651
208.438004	834.391663	31.842932
208.438004	835.719604	31.374924
208.438004	868.274170	32.499317
209.630005	720.957886	30.291679
209.630005	726.766235	33.138828
209.630005	730.925903	28.889633
209.630005	744.842285	30.034452
209.630005	757.931763	30.273220
209.630005	771.608032	29.468285
209.630005	774.582642	32.286522
209.630005	778.017090	31.516218
209.630005	816.691345	32.191311
209.630005	827.783081	32.156334
209.630005	841.145020	31.877214
209.630005	851.465027	31.663332
209.630005	853.392517	31.057093
209.630005	863.983704	31.854921
209.630005	879.883179	32.721714
209.630005	892.320190	33.576527
209.630005	897.173462	33.133003
210.826004	721.412842	29.808065
210.826004	759.977600	35.595921
210.826004	775.500732	32.050194
210.826004	779.639160	31.460766
210.826004	787.259399	30.816193
210.826004	799.742676	31.218859
210.826004	804.334045	31.518581
210.826004	818.065186	34.021461
210.826004	830.632263	31.068581
210.826004	851.845337	32.770969
212.046005	721.334778	28.353775
212.046005	728.718811	29.808258
212.046005	739.477234	30.364283
212.046005	754.593079	31.433859
212.046005	767.984436	30.458517
212.046005	768.355957	34.491825
212.046005	770.346619	31.321253
212.046005	775.848694	33.470467
212.046005	777.982117	30.137438
212.046005	790.363831	31.568914
212.046005	813.773254	30.986916
212.046005	816.832336	32.312344
212.046005	829.595337	31.968346
212.046005	830.571228	33.100445
212.046005	834.136047	36.067005
212.046005	847.669312	31.473751
212.046005	848.976013	35.146202
212.046005	858.430603	34.118916
212.046005	865.249695	31.937407
212.046005	885.596497	37.098045
212.046005	892.857056	32.645714
212.046005	898.921753	32.858814
213.246994	725.282715	29.358959
213.246994	739.741882	29.148552
213.246994	802.790100	31.869919
213.246994	803.220764	31.086458
213.246994	816.206116	30.182537
213.246994	817.170959	35.940247
213.246994	823.576416	31.473759
213.246994	827.779968	31.510147
213.246994	829.088928	31.005781
213.246994	852.359558	31.374643
213.246994	862.394165	31.395908
213.246994	862.791992	35.366295
213.246994	873.157349	32.214012
213.246994	886.410767	33.086674
213.246994	893.226135	33.232143
214.455002	729.760254	30.470369
214.455002	732.658325	29.967861
214.455002	733.145691	29.607460
214.455002	739.876831	29.071333
214.455002	773.490051	31.484552
214.455002	775.468872	31.227413
214.455002	814.437378	32.037415
214.455002	815.549133	31.827198
214.455002	825.174377	31.835367
214.455002	827.291016	35.133995
214.455002	863.401123	32.103027
214.455002	892.051941	33.833279
215.669006	725.825684	29.337694
215.669006	730.093750	29.740772
215.669006	757.741333	30.430199
215.669006	760.914856	30.591078
215.669006	768.770630	31.494041
215.669006	768.982361	30.391947
215.669006	776.124329	29.555134
215.669006	785.841125	31.656759
215.669006	821.745728	31.654902
215.669006	827.751099	34.293213
215.669006	829.037598	32.696136
215.669006	843.803589	31.786827
215.669006	863.424927	32.632256
215.669006	868.693176	31.830830
216.927002	748.047668	30.955671
216.927002	760.971252	30.066463
216.927002	775.967651	30.835066
216.927002	794.378540	30.833771
216.927002	803.780151	32.044449
216.927002	809.573853	30.998732
216.927002	826.627136	31.605793
216.927002	867.779846	33.417999
218.151993	722.394287	29.953108
218.151993	724.012756	30.290375
218.151993	758.831543	30.564951
218.151993	785.182129	30.313770
218.151993	793.165771	35.638058
218.151993	796.788086	31.195517
218.151993	802.393311	31.030977
218.151993	828.240356	31.556787
218.151993	831.079041	33.798256
218.151993	840.271423	32.091866
218.151993	857.112183	31.758768
218.151993	859.657349	31.843117
218.151993	867.827820	32.620029
218.151993	877.711670	32.664917
218.151993	887.665955	33.343502
219.375000	720.838440	29.050209
219.375000	723.226440	30.503611
219.375000	731.775452	29.284822
219.375000	733.049805	33.402649
219.375000	733.518921	31.453455
219.375000	757.145386	29.613657
219.375000	771.078979	31.184008
219.375000	792.069641	31.129076
219.375000	804.729248	31.016830
219.375000	808.786072	35.998650
219.375000	862.152832	32.538383
219.375000	894.477966	33.254925
219.375000	897.223999	32.996540
220.597000	732.570496	32.653965
220.597000	769.188538	30.193275
220.597000	804.637268	35.460136
220.597000	818.970459	31.858727
220.597000	823.129211	32.116726
220.597000	827.364502	31.783657
220.597000	834.443359	36.483738
220.597000	860.182007	32.160549
220.597000	861.476990	32.509571
221.837006	735.169556	31.007761
221.837006	737.570007	29.657700
221.837006	745.199890	31.535439
221.837006	749.885498	30.121340
221.837006	774.166199	36.896267
221.837006	776.917236	31.015926
221.837006	783.192627	30.595327
221.837006	792.878052	30.342455
221.837006	795.997803	32.196358
221.837006	812.708740	30.992851
221.837006	841.610229	32.245064
221.837006	846.517761	32.159042
221.837006	854.712463	36.220711
221.837006	879.820129	33.662750
221.837006	881.799072	32.358013
223.057999	764.471497	30.168390
223.057999	824.497131	33.233009
223.057999	854.856689	31.496569
223.057999	879.235474	33.292526
223.057999	883.220703	32.574970
223.057999	885.932739	33.904324
223.057999	895.538147	33.359364
224.281006	728.930176	30.144531
224.281006	748.968567	29.701149
224.281006	760.830505	30.120140
224.281006	776.342102	30.917835
224.281006	804.701721	30.939743
224.281006	804.940735	31.598398
224.281006	811.754944	31.176102
224.281006	821.695312	31.594118
224.281006	862.006775	32.137508
224.281006	891.030151	33.670544
225.496994	721.241272	28.784742
225.496994	731.443420	29.563177
225.496994	740.988403	36.779781
225.496994	741.226685	30.418245
225.496994	787.775574	31.608295
225.496994	808.119629	30.855068
225.496994	821.919739	33.257267
225.496994	825.801575	31.630850
225.496994	875.770935	33.280884
225.496994	875.878784	32.770565
226.753006	725.586853	29.801704
226.753006	730.295044	30.352694
226.753006	767.356384	30.349155
226.753006	773.747070	35.073273
226.753006	782.572205	31.236917
226.753006	786.403259	31.013170
226.753006	804.226868	31.656097
226.753006	811.882141	31.397045
226.753006	814.824341	32.173714
226.753006	824.675049	30.836481
226.753006	840.784912	32.522747
226.753006	849.879822	32.748901
226.753006	851.908691	32.099720
226.753006	885.158020	32.657394
226.753006	885.391357	33.228382
227.968994	722.402222	31.152554
227.968994	734.396973	33.017265
227.968994	751.398254	30.419279
227.968994	751.627747	29.964939
227.968994	759.918640	30.740297
227.968994	762.091125	33.823162
227.968994	777.225525	29.566545
227.968994	779.323730	31.305803
227.968994	779.344177	31.760241
227.968994	806.079163	30.599543
227.968994	812.021973	30.528517
227.968994	816.284363	32.697079
227.968994	828.038940	34.619270
227.968994	833.147583	36.236649
227.968994	839.082764	31.229858
227.968994	864.127014	32.538685
227.968994	871.269592	33.635590
227.968994	873.018860	32.923100
229.184998	754.941040	34.005913
229.184998	755.219543	30.232733
229.184998	763.969604	31.190115
229.184998	798.227051	31.308311
229.184998	799.351257	34.259106
229.184998	804.867126	31.177776
229.184998	805.612366	31.367224
229.184998	821.060120	30.953342
229.184998	823.823853	32.223503
229.184998	853.285461	32.400799
229.184998	856.634155	31.482050
229.184998	860.751221	32.417061
229.184998	863.213928	31.644165
229.184998	867.166016	35.519939
229.184998	867.210571	33.067383
229.184998	883.484985	32.182930
229.184998	896.895813	33.087063
229.184998	899.924683	35.438408
230.401001	724.879089	30.592613
230.401001	731.631958	29.160311
230.401001	739.585205	30.474689
230.401001	739.822876	31.013762
230.401001	752.264221	29.890499
230.401001	773.602722	30.568081
230.401001	775.834229	30.652489
230.401001	779.437561	31.348234
230.401001	811.152954	32.175941
230.401001	814.215942	31.668444
230.401001	828.403625	31.464798
230.401001	847.341492	36.233543
230.401001	867.409363	33.322727
230.401001	895.343933	32.856220
231.639008	722.373535	30.390575
231.639008	723.174255	29.251976
231.639008	748.547729	30.780966
231.639008	768.859375	31.605871
231.639008	830.198730	31.072636
231.639008	840.268250	33.570133
231.639008	846.941101	33.746979
231.639008	856.274231	31.242062
231.639008	895.923218	33.342979
231.639008	896.470581	33.254745
232.860001	745.688904	30.195250
232.860001	765.889160	31.145239
232.860001	805.630798	31.420109
232.860001	883.375732	32.496914
234.082001	724.680115	28.757826
234.082001	735.156250	30.156597
234.082001	743.401123	29.900648
234.082001	748.237244	30.331106
234.082001	756.471924	32.194122
234.082001	788.488342	30.578045
234.082001	793.555786	31.597797
234.082001	800.483948	31.106909
234.082001	800.629883	30.420504
234.082001	800.979675	31.453512
234.082001	805.311768	30.795755
234.082001	823.646240	31.910774
234.082001	835.136230	34.986839
234.082001	891.340820	32.253788
234.082001	895.703674	33.398636
235.302002	785.403748	30.334599
235.302002	793.582764	31.694387
235.302002	794.276367	36.229935
235.302002	830.860535	32.947243
235.302002	831.725891	35.442081
235.302002	843.241333	32.807022
235.302002	869.570251	32.410007
235.302002	873.070801	32.867912
235.302002	893.369507	33.652451
236.542007	722.511658	31.090311
236.542007	734.282104	29.708206
236.542007	735.710327	29.533842
236.542007	740.276855	29.737686
236.542007	757.254456	34.218079
236.542007	770.671082	30.852793
236.542007	788.378357	30.661623
236.542007	793.693787	31.310642
236.542007	797.177734	31.347113
236.542007	814.677673	31.650673
236.542007	816.660095	31.409580
236.542007	823.633484	31.878054
236.542007	831.088806	32.801197
236.542007	833.083008	31.821831
236.542007	837.746704	32.028316
236.542007	839.601685	31.153124
236.542007	860.903748	32.612446
236.542007	897.649780	33.211895
237.755997	721.688599	29.266598
237.755997	741.749695	29.408831
237.755997	745.191711	29.650373
237.755997	754.824158	30.098314
237.755997	770.137207	34.393127
237.755997	774.423584	30.741488
237.755997	827.026001	31.515707
237.755997	827.990967	31.607021
237.755997	848.070374	32.649456
237.755997	860.585144	32.369846
237.755997	870.386536	32.723190
238.970001	721.106079	29.856068
238.970001	723.417053	29.179907
238.970001	733.191040	29.544561
238.970001	735.073303	32.341270
238.970001	738.603577	30.389194
238.970001	751.038940	31.703754
238.970001	753.270569	31.299603
238.970001	769.449219	30.730234
238.970001	784.774841	31.058294
238.970001	793.366760	31.336245
238.970001	812.139954	31.988205
238.970001	813.592651	31.201696
238.970001	842.357910	32.543671
238.970001	883.220703	32.685036
240.186005	726.316772	29.411686
240.186005	732.004028	30.715027
240.186005	740.247131	33.104603
240.186005	742.802917	29.202154
240.186005	749.375854	30.511812
240.186005	751.995728	30.440222
240.186005	760.585449	30.020437
240.186005	775.002441	30.631952
240.186005	810.743835	31.237789
240.186005	820.094666	31.343288
240.186005	825.066223	31.283112
240.186005	826.145630	32.668228
240.186005	832.512024	33.122078
240.186005	860.303955	37.599098
240.186005	873.448303	33.920223
240.186005	880.226624	33.529446
241.421005	720.262146	29.893816
241.421005	722.394409	28.993717
241.421005	731.268250	28.274553
241.421005	746.882019	30.460093
241.421005	750.666138	30.286676
241.421005	756.550171	36.581875
241.421005	765.394409	30.209305
241.421005	792.333008	31.363150
241.421005	812.516052	31.473549
241.421005	813.281311	33.081947
241.421005	844.448853	32.497002
241.421005	845.536865	34.472897
241.421005	850.685303	32.728516
241.421005	854.457703	31.009018
241.421005	868.672729	32.928905
241.421005	888.699951	34.359222
242.634003	782.243225	30.216290
242.634003	800.550781	35.600834
242.634003	814.908691	35.004185
242.634003	822.644470	32.572338
242.634003	834.440125	32.307262
242.634003	838.697876	32.772373
242.634003	839.252380	31.779772
242.634003	859.829956	32.264221
242.634003	897.992798	33.081715
243.848999	725.495117	34.252148
243.848999	735.611206	28.878263
243.848999	738.711304	30.393764
243.848999	739.533936	30.284210
243.848999	747.490601	30.246994
243.848999	798.281555	31.860136
243.848999	802.515381	32.446770
243.848999	818.376221	31.881889
243.848999	819.697632	32.286823
243.848999	819.760620	38.995430
243.848999	822.777527	32.402027
243.848999	824.020691	31.422861
243.848999	825.721924	31.952024
243.848999	834.576050	32.293816
243.848999	836.693237	36.478443
243.848999	837.955078	31.730152
243.848999	844.603638	32.180183
243.848999	858.069580	32.524338
243.848999	865.605164	33.107140
243.848999	870.917542	33.524979
243.848999	877.446533	32.265079
243.848999	883.756470	33.222069
243.848999	893.290588	33.204788
243.848999	895.178528	32.219299
243.848999	899.106323	32.340210
245.057999	721.571472	29.279566
245.057999	732.182068	29.951735
245.057999	766.353027	30.448792
245.057999	769.182800	33.751415
245.057999	786.003784	35.026413
245.057999	790.172974	30.761559
245.057999	810.849121	32.974976
245.057999	820.984314	32.867699
245.057999	838.730408	32.198204
245.057999	848.962708	32.925945
245.057999	865.089172	32.643715
245.057999	872.181519	36.846016
245.057999	875.443909	32.353348
246.261993	740.909790	28.996220
246.261993	801.290039	30.224907
246.261993	805.452759	34.608002
246.261993	822.590576	31.953459
246.261993	835.139343	31.701508
246.261993	841.521667	32.537735
246.261993	852.974365	30.964188
246.261993	855.000916	35.278282
246.261993	858.650085	32.723438
246.261993	859.484863	37.155651
246.261993	881.050842	32.784412
246.261993	891.812317	33.791206
247.481995	770.010986	30.245304
247.481995	775.063232	31.401943
247.481995	779.843750	29.156094
247.481995	787.324646	31.351349
247.481995	797.144470	32.286358
247.481995	802.906067	31.027546
247.481995	812.571899	31.882402
247.481995	814.128662	32.619801
247.481995	814.297058	36.022457
247.481995	823.671509	31.547724
247.481995	828.774963	32.448402
247.481995	833.137817	36.925423
247.481995	850.631897	32.876068
247.481995	857.193054	31.937040
248.682007	725.820435	29.022959
248.682007	735.185608	30.783133
248.682007	774.119873	30.931486
248.682007	780.460815	30.817574
248.682007	785.746521	31.108999
248.682007	787.120056	31.967699
248.682007	824.970764	31.778261
248.682007	828.890259	31.866949
248.682007	834.401306	32.236340
248.682007	839.262146	31.575348
248.682007	895.858337	36.229843
249.882004	725.865112	29.947756
249.882004	738.412292	30.342150
249.882004	739.817505	31.012455
249.882004	761.019226	31.486010
249.882004	794.468689	29.417145
249.882004	825.868408	32.123268
249.882004	837.492920	31.769272
249.882004	844.791504	32.700211
249.882004	862.377136	34.489353
249.882004	863.390991	32.324867
249.882004	874.853271	32.025021
251.082993	721.574158	29.400557
251.082993	722.165100	32.711349
251.082993	738.891907	30.397270
251.082993	754.378967	31.207085
251.082993	761.095276	30.521515
251.082993	768.493225	29.754345
251.082993	770.214661	30.742008
251.082993	792.117493	32.039822
251.082993	796.178711	30.873516
251.082993	812.456909	30.836731
251.082993	814.914978	31.478354
251.082993	829.294067	32.164669
251.082993	832.180054	31.979063
251.082993	851.018372	33.000965
251.082993	859.298950	35.379734
251.082993	877.750122	32.674366
251.082993	878.759766	32.349201
251.082993	879.057068	33.460598
251.082993	879.508484	32.666977
251.082993	890.687500	33.747929
252.289001	748.712708	30.586515
252.289001	804.615906	30.922104
252.289001	806.669250	35.475941
252.289001	843.856323	31.642984
252.289001	851.488403	31.784986
252.289001	855.867432	33.089890
252.289001	858.434082	31.472847
252.289001	860.436096	38.712467
252.289001	896.391296	34.658012
252.289001	898.520447	33.324787
253.500000	721.340088	29.823282
253.500000	721.792786	31.004225
253.500000	741.454285	29.546070
253.500000	742.425354	35.057098
253.500000	746.764221	30.526310
253.500000	753.270569	30.627588
253.500000	764.505554	31.060223
253.500000	767.239502	30.352304
253.500000	783.445740	31.653631
253.500000	816.500366	31.337763
253.500000	871.210876	30.831516
253.500000	874.370728	31.997982
253.500000	882.175293	33.197224
254.712997	722.396973	33.296841
254.712997	732.783447	30.186668
254.712997	734.445007	29.896078
254.712997	734.966248	29.539875
254.712997	749.739380	35.062775
254.712997	760.281433	30.593382
254.712997	763.932739	30.302502
254.712997	780.185852	31.384943
254.712997	792.362915	30.410170
254.712997	794.378540	31.613785
254.712997	809.419250	30.219387
254.712997	810.251404	35.570358
254.712997	810.300903	33.064632
254.712997	813.533447	32.213272
254.712997	817.490784	31.748417
254.712997	823.135559	32.214603
254.712997	835.110291	31.786606
254.712997	854.511230	32.546425
254.712997	857.722168	32.830116
254.712997	861.538086	36.102455
254.712997	872.693420	33.204659
254.712997	876.181519	32.356468
254.712997	877.157043	32.639297
254.712997	878.113220	32.657021
254.712997	884.970764	34.056892
254.712997	896.957092	32.508911
255.927994	756.497070	29.899952
255.927994	777.926880	31.313211
255.927994	778.474670	30.972712
255.927994	794.189270	32.496727
255.927994	828.432495	31.444473
257.167999	731.225708	29.196260
257.167999	741.717163	30.206047
257.167999	760.436157	30.509470
257.167999	782.437073	29.194668
257.167999	808.292236	32.431526
257.167999	818.398193	32.551895
257.167999	838.179688	34.821564
257.167999	891.290710	32.988281
257.167999	899.156921	33.467438
258.385010	745.216309	30.497168
258.385010	774.941650	31.233749
258.385010	775.845825	30.347288
258.385010	811.335999	30.880367
258.385010	811.500427	30.130293
258.385010	822.850403	31.997488
258.385010	830.818726	32.564674
258.385010	864.174683	32.748108
258.385010	865.912903	31.774931
259.600006	721.527283	29.952227
259.600006	734.137878	30.584896
259.600006	744.880554	30.084217
259.600006	755.698914	29.656347
259.600006	765.829407	31.049492
259.600006	786.036377	32.573635
259.600006	789.487793	30.989296
259.600006	826.101013	32.381279
259.600006	857.024658	33.098541
259.600006	878.417175	33.472397
259.600006	879.928711	31.938681
260.809998	741.075012	29.451492
260.809998	762.257751	31.498478
260.809998	773.345764	30.480066
260.809998	792.797180	31.707125
260.809998	811.866638	31.437504
260.809998	832.908752	31.196390
260.809998	839.595154	31.635492
260.809998	851.071655	35.948257
260.809998	876.049255	33.572498
260.809998	880.307251	32.859924
262.032990	727.558472	30.406822
262.032990	747.282166	30.372950
262.032990	751.290405	31.373611
262.032990	751.528198	30.936501
262.032990	752.388916	30.421537
262.032990	759.168457	30.710894
262.032990	767.975952	34.076530
262.032990	781.058289	30.032446
262.032990	788.705322	31.767403
262.032990	800.401917	32.042229
262.032990	818.087280	30.497503
262.032990	831.159546	30.932705
262.032990	833.790283	31.940145
262.032990	836.384766	34.951485
262.032990	850.132690	32.276340
262.032990	864.792236	32.189800
262.032990	867.046082	32.695175
262.032990	877.589600	32.972569
262.032990	896.121216	32.749222
263.238007	727.381958	34.140022
263.238007	759.435120	31.274137
263.238007	764.437378	30.102036
263.238007	790.504028	31.425690
263.238007	811.056824	30.906137
263.238007	875.075500	33.262554
264.437012	735.477295	30.078684
264.437012	750.864807	30.456327
264.437012	753.486938	29.208162
264.437012	770.217468	30.605940
264.437012	771.567688	30.591351
264.437012	785.126038	31.247919
264.437012	788.877686	31.337442
264.437012	790.871033	30.776730
264.437012	813.085083	31.731155
264.437012	827.725464	31.957911
264.437012	835.732483	30.184378
264.437012	844.564026	36.279373
264.437012	849.361206	35.325916
264.437012	885.589417	36.931438
265.632996	766.914368	30.374989
265.632996	773.103333	34.732868
265.632996	791.785400	30.547594
265.632996	792.979980	32.336601
265.632996	820.873840	30.904568
265.632996	824.611511	31.430635
265.632996	829.233093	31.214075
265.632996	875.384888	35.412746
265.632996	897.776123	31.980364
266.826996	752.760254	29.508900
266.826996	754.312256	31.053417
266.826996	762.509216	30.420910
266.826996	765.601929	30.612015
266.826996	767.005615	30.764940
266.826996	880.935120	33.246387
266.826996	893.523621	32.673412
268.023987	722.923706	29.603241
268.023987	734.201965	33.912418
268.023987	783.875610	31.122890
268.023987	793.102905	30.751616
268.023987	808.116516	32.400513
268.023987	836.332764	31.569542
268.023987	845.414734	34.125736
268.023987	860.297180	35.543488
268.023987	863.445435	32.708801
268.023987	878.591919	32.354485
268.023987	896.398499	33.178959
269.221985	721.334778	32.548786
269.221985	726.198486	30.187443
269.221985	726.852966	29.361986
269.221985	743.300354	30.594412
269.221985	751.646973	29.344551
269.221985	774.322266	30.542294
269.221985	806.223450	31.834591
269.221985	811.459961	30.908146
269.221985	815.580383	31.722733
269.221985	828.160339	32.274437
269.221985	838.352295	33.087971
269.221985	848.325562	32.624802
269.221985	873.250732	31.959497
269.221985	881.791931	33.024185
270.421997	740.920715	30.554716
270.421997	742.276062	29.616796
270.421997	763.352112	29.293819
270.421997	785.400818	30.687723
270.421997	799.949219	30.835505
270.421997	800.146606	31.754719
270.421997	804.125916	35.874630
270.421997	820.157715	35.012444
270.421997	836.962952	31.192810
270.421997	840.464417	32.638813
270.421997	844.788208	31.946014
270.421997	855.837158	32.293221
270.421997	872.005249	33.551292
271.640015	750.594360	30.959982
271.640015	753.878662	31.968361
271.640015	755.827209	29.845009
271.640015	756.184387	30.611423
271.640015	759.334106	30.415054
271.640015	790.524963	32.105968
271.640015	795.193604	31.819305
271.640015	796.229980	31.011505
271.640015	808.175110	32.073887
271.640015	812.226990	31.188490
271.640015	814.621521	31.966690
271.640015	818.304016	37.709152
271.640015	822.644531	31.806915
271.640015	827.885437	31.309830
271.640015	835.039062	31.957951
271.640015	838.681580	32.506077
271.640015	857.122375	31.913851
271.640015	864.403198	32.535889
271.640015	885.285400	38.740406
271.640015	896.582275	31.799864
272.841003	724.889587	29.217237
272.841003	730.854309	29.071455
272.841003	733.636230	30.685431
272.841003	742.952393	29.632875
272.841003	754.353943	30.632141
272.841003	772.140564	29.483168
272.841003	776.548218	30.556421
272.841003	781.163696	30.060606
272.841003	795.753662	31.483795
272.841003	798.608582	34.882767
272.841003	823.322632	31.387604
272.841003	888.543457	33.072651
274.041992	724.473267	33.569981
274.041992	748.660400	31.378349
274.041992	757.469849	30.398277
274.041992	761.583069	31.296967
274.041992	764.834717	31.532967
274.041992	778.156921	33.658295
274.041992	782.075867	31.451878
274.041992	793.306763	31.106590
274.041992	818.256836	32.710938
274.041992	825.721863	32.131119
274.041992	843.964844	31.843634
274.041992	863.108337	32.477997
274.041992	863.622498	32.324356
274.041992	882.421448	33.081024
274.041992	884.225647	36.339752
274.041992	886.460266	32.102722
274.041992	897.346619	33.551296
275.246002	769.692749	30.312542
275.246002	797.537292	31.118149
275.246002	807.213745	30.856609
275.246002	815.821167	31.271425
275.246002	823.938110	31.788368
275.246002	876.811890	32.154373
275.246002	881.321228	33.191097
275.246002	884.197388	33.050110
275.246002	892.592163	33.988335
276.454010	763.286987	30.375139
276.454010	765.323303	30.828869
276.454010	769.237183	31.090563
276.454010	779.396667	30.993353
276.454010	793.444702	31.020649
276.454010	795.871155	30.786493
276.454010	811.522095	36.101574
276.454010	848.176392	32.211536
276.454010	865.940186	31.818802
276.454010	882.731140	33.116146
276.454010	892.495544	33.365513
277.661011	725.138550	29.793621
277.661011	740.190369	29.792789
277.661011	747.773193	29.525833
277.661011	756.371399	31.680782
277.661011	814.250305	31.574009
278.873993	724.326660	29.090254
278.873993	741.172485	30.216351
278.873993	747.921387	31.159641
278.873993	758.377258	32.993019
278.873993	758.553894	29.676832
278.873993	768.195862	35.026337
278.873993	791.925964	32.602200
278.873993	800.638977	30.480261
278.873993	804.263611	32.046982
278.873993	807.441589	31.797899
278.873993	830.956909	31.916670
278.873993	844.353271	32.549767
278.873993	857.230103	32.104179
278.873993	865.441040	32.107204
278.873993	868.329041	32.605797
278.873993	894.467102	32.605930
280.088989	750.100464	31.268898
280.088989	764.732544	30.384642
280.088989	781.363037	30.946297
280.088989	783.213196	31.335388
280.088989	834.055237	31.657200
280.088989	845.896606	32.252907
280.088989	852.242554	35.868729
280.088989	852.559937	37.500168
280.088989	860.080444	32.958202
280.088989	863.316040	36.013123
280.088989	869.577087	33.252510
281.304993	764.749634	30.522879
281.304993	767.399231	30.072363
281.304993	805.729065	32.139507
281.304993	814.955566	36.152199
281.304993	826.282715	31.462030
281.304993	839.546204	32.854145
281.304993	840.978088	31.780319
281.304993	843.040894	36.213753
281.304993	865.820557	34.708454
281.304993	874.072327	32.652004
282.520996	722.396973	30.012888
282.520996	724.394775	32.681587
282.520996	725.107117	32.099876
282.520996	748.949280	30.922812
282.520996	750.177734	30.857868
282.520996	759.629089	29.986183
282.520996	774.440979	30.914515
282.520996	791.331116	30.701200
282.520996	818.891846	30.630924
282.520996	823.747742	31.877947
282.520996	824.621094	31.615513
282.520996	838.251465	35.632145
282.520996	853.496277	32.219387
282.520996	862.377136	36.149677
283.734009	721.876099	30.215822
283.734009	732.730286	30.388254
283.734009	735.774658	29.994682
283.734009	751.694153	29.674923
283.734009	777.574646	30.892757
283.734009	788.143738	31.658058
283.734009	788.657776	31.838087
283.734009	790.414673	31.493769
283.734009	806.537048	31.644419
283.734009	810.282410	30.744789
283.734009	831.999695	34.749607
283.734009	844.488403	32.533596
283.734009	852.222656	37.338085
283.734009	869.057678	32.742538
283.734009	886.690674	31.807257
283.734009	886.935242	33.179836
283.734009	893.792603	33.705338
284.944000	722.394409	29.835634
284.944000	724.216919	30.945650
284.944000	735.324829	29.788183
284.944000	736.782959	29.338488
284.944000	749.378662	29.803640
284.944000	751.019653	33.649284
284.944000	775.680542	30.772545
284.944000	782.093567	30.028896
284.944000	783.598816	30.899590
284.944000	784.686401	30.219683
284.944000	786.663879	30.514479
284.944000	792.551575	30.169863
284.944000	798.832886	33.666431
284.944000	808.403381	35.552971
284.944000	814.147400	31.877975
284.944000	849.790161	33.432175
284.944000	858.893433	32.453117
284.944000	860.209167	32.386707
284.944000	870.548584	33.335461
284.944000	879.701111	35.829979
286.153015	726.361389	29.435078
286.153015	733.137695	30.280416
286.153015	735.581726	29.783499
286.153015	746.306946	30.472282
286.153015	753.731384	30.054260
286.153015	783.345581	29.724617
286.153015	818.423340	32.523350
286.153015	852.296021	32.340580
286.153015	855.662415	33.094589
286.153015	862.618469	32.039291
286.153015	869.329346	32.417938
287.343994	720.448914	30.069567
287.343994	725.180420	30.690798
287.343994	738.040710	28.999832
287.343994	742.265137	30.572321
287.343994	768.132996	30.313253
287.343994	781.081665	31.015669
287.343994	787.900208	31.513905
287.343994	827.722351	31.340109
288.531006	740.630981	30.699520
288.531006	743.229614	30.523584
288.531006	754.907532	32.004093
288.531006	764.252991	30.944048
288.531006	769.165527	30.028458
288.531006	769.861755	30.701019
288.531006	805.722778	32.374077
288.531006	833.835388	31.956467
288.531006	850.435364	38.742935
288.531006	889.148010	37.592266
288.531006	894.664551	33.008018
289.712006	724.706116	32.060978
289.712006	740.176636	29.815855
289.712006	774.194946	30.188295
289.712006	862.829163	32.324688
290.889008	722.237976	29.619192
290.889008	738.029968	29.199736
290.889008	745.708008	29.757147
290.889008	746.706604	29.672516
290.889008	755.698853	30.440010
290.889008	761.157227	29.506035
290.889008	763.519104	31.326605
290.889008	773.648865	30.211298
290.889008	787.081482	31.264662
290.889008	788.226807	31.330729
290.889008	837.802002	31.145752
290.889008	864.484985	33.634544
290.889008	877.184875	33.052151
290.889008	887.921570	33.434017
292.067993	729.749573	29.657024
292.067993	738.880981	29.216358
292.067993	743.273071	30.119555
292.067993	756.290283	31.888866
292.067993	759.120544	30.999037
292.067993	794.153015	34.446316
292.067993	810.170776	31.102222
293.248993	740.298401	30.212029
293.248993	763.023743	31.543938
293.248993	787.635986	30.479675
294.433990	738.358276	30.292395
294.433990	744.337646	30.019402
294.433990	759.159790	30.514299
294.433990	773.692078	30.643900
294.433990	810.393616	30.553543
294.433990	813.340210	31.953720
294.433990	836.865234	35.644489
294.433990	857.971558	32.915310
294.433990	861.069702	32.582977
294.433990	874.575256	32.266224
294.433990	879.287720	32.332138
294.433990	889.653442	32.011261
294.433990	894.190552	33.005959
294.433990	899.127808	32.946133
295.628998	728.401917	30.856468
295.628998	748.149109	30.749264
295.628998	755.336365	30.515287
295.628998	764.976562	30.738874
295.628998	770.802979	31.406849
295.628998	786.950989	30.827202
295.628998	809.493286	31.469095
295.628998	811.121765	32.709824
295.628998	870.658630	32.640392
295.628998	883.671631	33.332676
295.628998	892.273499	32.507591
295.628998	896.185730	32.689438
296.825989	775.083374	30.491224
296.825989	793.663635	31.208776
296.825989	842.144470	32.548141
296.825989	896.726196	33.557983
298.036987	724.206299	30.134748
298.036987	727.379272	30.190308
298.036987	737.268921	34.465660
298.036987	827.402771	31.725977
298.036987	827.962036	32.953083
298.036987	829.079224	31.518288
298.036987	832.192810	33.050083
298.036987	837.639221	31.918787
298.036987	838.922791	32.263691
298.036987	839.222900	33.253666
298.036987	841.590454	32.603573
298.036987	899.718079	32.913284
299.256989	734.335388	34.548927
299.256989	744.354065	31.356358
299.256989	782.237305	31.019005
299.256989	784.049316	30.013369
299.256989	806.383179	32.281052
299.256989	860.456238	32.389523
299.256989	866.929382	31.844946
299.256989	898.086609	33.217712
300.483002	722.013916	34.761738
300.483002	749.810974	30.585194
300.483002	767.790161	29.979435
300.483002	770.128479	32.166389
300.483002	787.790283	30.690456
300.483002	788.131714	29.254292
300.483002	815.036621	31.899866
300.483002	822.853455	31.628078
300.483002	826.375061	33.170734
300.483002	850.242371	31.955139
300.483002	852.449585	31.044506
300.483002	868.081787	33.091122
300.483002	882.132935	33.446068
300.483002	898.039673	32.926369
301.733002	720.713806	28.484283
301.733002	724.337219	29.403538
301.733002	730.530884	29.146832
301.733002	743.921021	34.488766
301.733002	743.942810	30.677750
301.733002	746.452087	30.447506
301.733002	772.296143	30.476746
301.733002	774.947449	31.925293
301.733002	781.929199	31.273273
301.733002	783.545837	34.063644
301.733002	800.319824	32.125626
301.733002	820.274414	31.824888
301.733002	834.592285	36.199203
301.733002	845.649048	31.637346
302.963989	740.163330	31.377094
302.963989	752.438782	30.398357
302.963989	754.276123	33.991409
302.963989	788.868835	31.733204
302.963989	817.688538	34.783844
302.963989	824.605225	31.993866
302.963989	861.032593	32.674843
302.963989	881.598755	32.539764
302.963989	882.013489	32.822891
302.963989	886.789856	31.799395
304.196014	723.398804	30.351110
304.196014	727.727173	29.673666
304.196014	746.761536	30.513294
304.196014	755.072021	29.904276
304.196014	785.096680	35.087326
304.196014	786.856445	30.102549
304.196014	788.001221	35.516697
304.196014	810.279358	31.666790
304.196014	851.581848	33.938496
304.196014	875.061768	32.927353
304.196014	897.408081	33.027447
305.432007	731.666504	29.890627
305.432007	735.929993	30.088787
305.432007	753.001465	29.913025
305.432007	767.196655	31.160694
305.432007	782.243286	32.124371
305.432007	783.283813	30.748089
305.432007	791.393799	31.273285
305.432007	798.866150	34.699043
305.432007	821.780579	35.410580
305.432007	846.398804	35.456444
305.432007	852.232605	31.419556
305.432007	869.783691	33.294933
305.432007	870.872681	35.934525
305.432007	893.111450	33.828861
306.684998	729.654480	29.931297
306.684998	731.432800	29.924946
306.684998	743.294983	30.184889
306.684998	747.594849	30.881546
306.684998	765.783936	31.418467
306.684998	768.198792	31.364864
306.684998	781.266357	30.097094
306.684998	796.205811	31.312149
306.684998	818.454834	32.866787
306.684998	827.163330	32.155617
306.684998	830.690186	31.969687
306.684998	838.238403	33.095806
306.684998	844.066895	34.412811
306.684998	845.767883	31.515324
306.684998	852.556641	32.018929
306.684998	859.349670	32.706066
306.684998	861.297180	31.761475
306.684998	863.530579	31.860331
306.684998	873.968262	38.582092
306.684998	880.349304	32.242126
307.916992	727.711304	29.706329
307.916992	732.732971	29.405912
307.916992	734.145996	30.562304
307.916992	752.666016	31.112682
307.916992	752.840698	30.967230
307.916992	756.768066	29.305126
307.916992	764.329712	30.348652
307.916992	772.754395	31.541384
307.916992	780.724365	30.549713
307.916992	788.075439	30.119953
307.916992	790.584717	31.509020
307.916992	791.364014	31.752068
307.916992	794.033081	31.186743
307.916992	795.660339	31.966024
307.916992	810.003845	31.313322
307.916992	824.427307	31.738670
307.916992	827.019714	31.357182
307.916992	845.220154	31.401752
307.916992	848.226257	34.304157
307.916992	855.531494	31.791739
307.916992	858.039246	31.730705
307.916992	859.106323	33.548557
307.916992	876.390503	33.175667
307.916992	877.676880	31.630259
307.916992	882.175293	33.417515
307.916992	895.052795	33.187271
307.916992	895.139038	32.829578
307.916992	896.340881	33.117371
309.148010	721.093140	29.557634
309.148010	738.245422	30.367201
309.148010	742.458008	30.276377
309.148010	766.324707	34.691849
309.148010	766.925842	30.332348
309.148010	772.186707	36.078400
309.148010	776.475708	30.643240
309.148010	782.684021	30.124224
309.148010	820.003357	32.308144
309.148010	831.268982	33.318562
309.148010	839.157837	30.867647
309.148010	892.799927	37.109913
310.377014	726.316772	28.945723
310.377014	737.352295	33.720566
310.377014	740.447205	30.108002
310.377014	744.266968	30.884048
310.377014	758.377319	30.505346
310.377014	763.921448	31.351357
310.377014	780.651184	30.971689
310.377014	785.767273	30.729418
310.377014	805.888733	31.577354
310.377014	806.014648	32.117378
310.377014	832.644226	31.355049
310.377014	845.999023	33.519394
310.377014	863.670288	32.133682
310.377014	870.927917	32.065361
310.377014	877.111755	32.079910
311.648987	736.753418	30.544876
311.648987	737.919739	30.657589
311.648987	742.544861	30.796602
311.648987	746.947815	28.794336
311.648987	763.289856	30.040365
311.648987	778.474670	31.375900
311.648987	779.966614	30.680910
311.648987	823.624023	31.704607
311.648987	853.754089	32.378113
311.648987	890.477051	32.574326
311.648987	893.541565	36.609882
312.880005	738.956665	29.667336
312.880005	758.607239	32.109261
312.880005	761.148804	30.545300
312.880005	769.234375	30.516060
312.880005	775.637024	30.551472
312.880005	776.202759	31.156916
312.880005	801.594666	31.197578
312.880005	810.254517	31.000383
312.880005	827.003662	32.291718
312.880005	844.290771	31.922937
314.106995	734.196655	29.156433
314.106995	754.787964	31.220694
314.106995	768.819275	31.197912
314.106995	775.750122	31.629295
314.106995	777.516357	29.599691
314.106995	786.089600	30.905043
314.106995	796.202759	31.092089
314.106995	821.641479	32.015636
314.106995	836.446411	35.115211
314.106995	844.830994	31.655024
314.106995	873.711670	33.091232
314.106995	883.886963	32.333950
314.106995	885.472717	37.546055
314.106995	888.092102	32.476738
314.106995	898.686707	32.893970
315.330994	746.649170	30.657236
315.330994	751.251648	33.915203
315.330994	753.975830	34.831985
315.330994	757.651733	30.999386
315.330994	762.896484	31.333134
315.330994	766.731934	30.013855
315.330994	809.459473	34.936863
315.330994	890.808777	33.059441
316.549011	738.794922	29.633602
316.549011	755.598572	30.014593
316.549011	759.334106	30.417395
316.549011	761.656433	29.866234
316.549011	769.231506	30.511423
316.549011	786.527649	31.472729
316.549011	814.290833	30.144938
316.549011	817.638306	30.928410
316.549011	828.627686	32.934986
316.549011	889.479187	33.050163
316.549011	893.050598	32.841202
317.765991	722.965454	29.319141
317.765991	727.408386	30.580610
317.765991	740.422852	30.115696
317.765991	746.682068	30.946346
317.765991	765.971680	34.753441
317.765991	780.124451	31.567488
317.765991	783.660645	31.948341
317.765991	802.323242	31.529226
317.765991	811.543884	30.771656
317.765991	835.353333	32.133076
317.765991	844.320435	32.716488
317.765991	847.467407	36.252804
317.765991	866.487793	32.317253
317.765991	887.002625	36.351536
317.765991	897.960327	33.285988
318.980011	821.360229	31.996523
318.980011	840.343445	31.999784
318.980011	841.194214	33.165607
318.980011	843.714844	33.449745
318.980011	869.852600	32.494293
318.980011	875.162476	31.913191
318.980011	879.015076	33.141304
320.188995	722.868896	29.297222
320.188995	752.239319	33.711407
320.188995	756.726074	34.972305
320.188995	772.961975	31.412266
320.188995	801.421021	35.158985
320.188995	816.318726	31.745548
320.188995	840.379395	32.721169
320.188995	849.879883	32.617535
320.188995	852.032288	32.238419
320.188995	853.436035	33.227551
321.421997	748.330627	30.409939
321.421997	748.696228	30.305428
321.421997	748.806213	33.631561
321.421997	766.418640	35.418079
321.421997	802.729065	31.257915
321.421997	807.173828	31.164244
321.421997	823.249756	31.116209
321.421997	831.944885	31.086807
321.421997	858.126953	33.996883
321.421997	861.015686	35.462093
321.421997	869.315613	31.380878
321.421997	891.062256	31.729830
322.632996	722.394348	30.407923
322.632996	735.062561	33.804333
322.632996	754.849182	30.139029
322.632996	761.704407	30.103016
322.632996	763.757080	34.678410
322.632996	771.541870	31.096130
322.632996	783.345642	30.375547
322.632996	787.182373	30.764946
322.632996	787.805237	31.084454
322.632996	810.579651	31.200724
322.632996	821.575073	31.109978
322.632996	823.643005	31.579411
322.632996	833.225037	33.045128
322.632996	850.941711	36.614998
322.632996	866.131836	39.101398
322.632996	867.869080	32.235386
322.632996	873.015381	32.134411
322.632996	898.578247	33.693665
323.846985	733.180359	28.929453
323.846985	767.447693	31.319931
323.846985	774.510376	30.937944
323.846985	776.830078	30.620886
323.846985	776.864929	32.142792
323.846985	784.108337	34.743938
323.846985	784.925354	31.372723
323.846985	794.694153	36.017189
323.846985	882.052185	32.615505
325.062012	731.926880	29.309332
325.062012	735.223083	29.569197
325.062012	759.614990	30.357737
325.062012	784.813171	30.516577
325.062012	857.412048	31.930912
325.062012	868.147034	32.434803
325.062012	872.793762	32.377232
325.062012	873.022217	31.906588
325.062012	874.381042	35.971180
325.062012	876.425232	35.022316
325.062012	880.966675	31.993614
325.062012	889.906555	32.407097
326.278992	727.224060	30.894018
326.278992	743.474548	31.267481
326.278992	745.371948	30.451406
326.278992	796.857544	34.675560
326.278992	801.619019	35.594109
326.278992	808.875549	30.273855
326.278992	811.711426	35.701714
326.278992	816.412659	32.648594
326.278992	818.794373	31.863029
326.278992	823.969910	31.843760
326.278992	835.502380	31.500088
326.278992	836.826416	33.262787
326.278992	895.818787	38.097420
327.500000	742.259827	30.345951
327.500000	791.668884	34.743996
327.500000	802.454468	31.282251
327.500000	820.429016	32.031498
327.500000	823.681152	31.454983
327.500000	827.402893	32.436680
327.500000	844.238159	32.825127
327.500000	875.948425	32.932808
327.500000	883.738892	32.716560
327.500000	886.538330	32.848568
327.500000	889.130432	32.842350
327.500000	891.222961	32.558884
327.500000	895.495056	32.598759
328.721008	720.825439	29.942305
328.721008	721.290649	30.207815
328.721008	724.533447	33.327194
328.721008	731.552246	35.263630
328.721008	756.122925	30.450350
328.721008	767.034119	31.224010
328.721008	768.696289	34.587502
328.721008	817.497070	36.198895
328.721008	833.525269	31.072088
328.721008	854.776184	32.167141
328.721008	855.595215	32.742897
329.946991	720.202454	29.662239
329.946991	722.848083	29.513731
329.946991	761.213684	29.801115
329.946991	765.707153	31.006634
329.946991	766.868774	30.707489
329.946991	767.604736	31.199034
329.946991	777.135315	34.958755
329.946991	789.574158	30.531591
329.946991	792.524658	30.611849
329.946991	800.921875	34.462719
329.946991	805.667664	32.008858
329.946991	818.640320	32.107048
329.946991	829.669250	30.898623
329.946991	832.006104	32.970352
329.946991	832.653931	31.339407
329.946991	833.063660	31.770824
329.946991	834.217041	31.559763
329.946991	835.074707	31.881033
329.946991	838.372009	32.242722
329.946991	859.461304	33.112762
329.946991	861.650208	32.691139
329.946991	872.357971	33.086235
331.178009	727.763977	33.502159
331.178009	761.371582	30.563253
331.178009	763.207764	30.254448
331.178009	786.418152	31.147102
331.178009	827.041992	31.703142
331.178009	830.311157	32.578442
331.178009	831.194946	31.480299
331.178009	835.217224	30.692553
331.178009	842.804382	32.795719
331.178009	845.771179	32.502411
331.178009	848.657471	37.046143
331.178009	856.563538	32.143059
331.178009	866.008667	32.887016
331.178009	890.808838	32.722061
331.178009	891.287231	32.252724
332.406006	729.017395	29.518244
332.406006	732.581238	31.053745
332.406006	755.097107	30.360493
332.406006	759.584167	31.461771
332.406006	760.475708	34.446976
332.406006	768.195984	31.141823
332.406006	768.699219	31.335375
332.406006	784.916565	31.255127
332.406006	788.372498	31.735361
332.406006	824.281189	39.638374
332.406006	835.735901	31.516491
332.406006	837.707764	32.174431
332.406006	839.438538	32.661221
332.406006	863.752075	30.847637
332.406006	887.666077	32.826828
332.406006	892.284546	37.178772
333.638000	725.141113	28.764433
333.638000	747.463135	31.625927
333.638000	752.294739	29.388840
333.638000	773.738464	30.730936
333.638000	776.696411	30.762033
333.638000	792.306030	31.491489
333.638000	814.624634	30.442341
333.638000	815.589783	32.008888
333.638000	826.595215	36.630928
333.638000	839.144653	31.940157
333.638000	842.085571	32.456123
333.638000	847.934448	31.450975
333.638000	857.637878	38.190540
333.638000	864.253113	32.130058
333.638000	878.319336	33.721344
333.638000	898.534851	33.049816
334.871002	723.343994	29.584078
334.871002	724.133240	28.369406
334.871002	724.371277	32.537220
334.871002	730.342834	28.925089
334.871002	736.401917	30.072197
334.871002	738.296570	29.451136
334.871002	745.372009	33.148129
334.871002	748.704529	29.880497
334.871002	750.147461	30.618172
334.871002	760.399719	30.852995
334.871002	768.699219	30.792498
334.871002	769.323242	30.299725
334.871002	776.963867	32.107311
334.871002	792.665466	30.191404
334.871002	796.700684	30.302546
334.871002	804.517944	30.596642
334.871002	809.187622	34.560558
334.871002	834.217041	34.474682
334.871002	835.220520	37.262550
334.871002	850.259216	32.428303
334.871002	864.522644	32.751900
334.871002	872.209290	31.856474
334.871002	889.269226	32.713596
336.100006	734.319519	30.196508
336.100006	760.599548	30.661785
336.100006	768.195984	30.477985
336.100006	792.800232	30.313446
336.100006	804.077026	31.549700
336.100006	810.784180	32.707573
336.100006	814.060120	32.034634
336.100006	815.496094	31.609350
336.100006	836.219238	32.476891
337.346985	725.849426	34.248558
337.346985	730.642273	29.817158
337.346985	741.264648	29.727320
337.346985	741.744385	30.143612
337.346985	747.008118	31.032902
337.346985	751.027954	34.108734
337.346985	755.701782	30.901327
337.346985	761.481567	30.267851
337.346985	768.699219	30.196953
337.346985	778.337708	31.579020
337.346985	793.294861	34.878220
337.346985	820.160950	32.128452
337.346985	822.252014	32.147118
337.346985	830.870239	31.485081
337.346985	835.256165	32.694199
337.346985	838.949036	31.608765
337.346985	872.800842	32.680511
338.566986	729.879395	29.970177
338.566986	736.417969	30.907528
338.566986	768.195984	30.888548
338.566986	804.064758	31.213598
338.566986	809.172119	31.549646
338.566986	825.585022	31.467817
338.566986	826.639893	31.738997
338.566986	829.191467	31.956896
338.566986	834.576111	31.586880
338.566986	843.461609	31.358532
338.566986	860.178711	32.664341
338.566986	861.080139	32.739746
338.566986	886.903320	33.971462
338.566986	897.599304	33.244724
339.785004	723.002014	33.186325
339.785004	729.136230	32.362320
339.785004	729.635986	29.179905
339.785004	755.961121	30.204134
339.785004	761.535156	30.658239
339.785004	763.204956	31.208445
339.785004	765.832275	31.309355
339.785004	778.122009	29.924662
339.785004	780.408264	31.439548
339.785004	800.243896	31.507284
339.785004	802.722961	30.859632
339.785004	808.276917	30.916079
339.785004	824.198547	31.645844
339.785004	833.331604	33.167381
339.785004	841.567627	31.737875
339.785004	850.219238	32.021137
339.785004	880.973755	33.274242
339.785004	884.116272	41.554356
341.000000	736.074829	30.140944
341.000000	746.589050	35.348614
341.000000	772.140686	31.139683
341.000000	789.365845	29.228647
341.000000	789.383728	29.403597
341.000000	794.661194	31.138754
341.000000	797.138550	31.450089
341.000000	817.996277	31.687937
341.000000	820.511047	32.854950
341.000000	822.163452	31.241974
341.000000	830.317627	31.406561
341.000000	833.202515	31.825159
341.000000	833.321960	32.763237
341.000000	875.569275	33.038498
342.230988	744.136169	29.806330
342.230988	754.737854	30.737221
342.230988	755.180542	29.352375
342.230988	758.884888	31.578362
342.230988	796.272156	32.367256
342.230988	877.035034	33.738285
343.442993	722.396973	29.246298
343.442993	740.490479	30.418381
343.442993	758.074646	30.453310
343.442993	760.185791	30.665426
343.442993	769.930725	30.776577
343.442993	812.761597	34.293343
343.442993	825.486267	31.269548
343.442993	826.234863	31.388998
343.442993	851.448364	32.116516
343.442993	852.907532	31.825989
343.442993	882.910767	32.603138
343.442993	895.854797	36.273609
343.442993	899.805115	34.228111
344.653015	728.367859	29.962019
344.653015	729.162659	32.964077
344.653015	759.426819	30.129028
344.653015	762.746704	30.314672
344.653015	769.343262	30.834400
344.653015	794.591980	31.470871
344.653015	816.772888	32.621593
344.653015	836.206238	32.400528
344.653015	851.225037	32.686916
344.653015	853.710571	32.553288
344.653015	897.527100	32.923794
345.864014	721.813538	30.981024
345.864014	760.993774	30.361794
345.864014	768.195923	30.388575
345.864014	780.970337	30.107317
345.864014	788.232788	31.542799
345.864014	808.600769	32.231461
347.075012	722.394409	30.197315
347.075012	736.152527	30.423151
347.075012	740.945068	30.797705
347.075012	758.013062	30.367455
347.075012	776.844666	31.438705
347.075012	782.445984	31.495667
347.075012	788.592407	31.427691
347.075012	803.116882	31.758621
347.075012	829.406250	31.508528
347.075012	833.909851	31.389935
347.075012	834.718506	41.054977
347.075012	835.213989	32.445736
347.075012	846.663330	32.467903
347.075012	887.658936	37.293125
347.075012	891.272949	32.488640
348.285004	723.398743	30.253294
348.285004	736.324097	28.500507
348.285004	737.406067	29.259264
348.285004	746.468445	29.312346
348.285004	748.437805	30.403267
348.285004	751.752197	31.494091
348.285004	784.822083	31.970787
348.285004	814.615295	31.363323
348.285004	842.006897	31.376081
348.285004	853.780823	32.721680
348.285004	856.331360	32.820641
348.285004	868.026917	33.846497
348.285004	868.390930	32.620846
348.285004	871.366211	36.530090
348.285004	873.836487	33.760201
348.285004	891.783813	38.486050
349.494995	728.228027	29.788008
349.494995	730.133545	33.339279
349.494995	732.426880	28.837275
349.494995	756.902222	29.770617
349.494995	768.905212	30.156101
349.494995	819.074341	30.851339
349.494995	874.360352	33.916470
350.709015	738.708679	29.325363
350.709015	742.482422	31.082388
350.709015	748.778748	33.468235
350.709015	749.406128	35.815434
350.709015	757.285278	30.671179
350.709015	778.285217	30.900200
350.709015	797.307678	31.230326
350.709015	811.184021	35.839954
350.709015	834.216980	31.072014
350.709015	834.718506	36.964882
350.709015	842.728882	31.365456
350.709015	859.136719	33.095882
350.709015	866.912476	32.465286
350.709015	867.203735	33.155087
351.941986	726.976746	30.605453
351.941986	765.025146	30.399420
351.941986	768.196045	29.973579
351.941986	792.800293	31.048260
351.941986	795.708557	31.060688
351.941986	798.033447	30.797829
351.941986	815.367981	31.660931
351.941986	823.497192	32.236965
351.941986	831.252930	32.074467
351.941986	845.513794	32.146999
351.941986	866.083984	33.857082
351.941986	875.990173	32.911819
351.941986	883.604980	31.942057
351.941986	887.630615	33.005363
351.941986	891.119446	33.910786
351.941986	896.056458	37.553391
353.158997	722.866333	29.934698
353.158997	730.796082	30.425692
353.158997	730.814636	32.799671
353.158997	742.661682	30.480137
353.158997	742.702454	29.171347
353.158997	805.155396	31.852049
353.158997	812.242554	31.305439
353.158997	814.490540	34.715076
353.158997	815.714966	30.791430
353.158997	824.284363	31.010693
353.158997	824.786438	36.085453
353.158997	830.015808	32.074432
353.158997	834.291443	32.615856
353.158997	835.719666	31.105146
353.158997	840.369629	31.862946
353.158997	847.411133	31.775341
353.158997	852.252686	32.675709
353.158997	859.072510	32.302902
353.158997	861.470337	32.308548
353.158997	884.444580	33.072010
353.158997	889.525574	34.207233
354.377991	722.389221	35.836239
354.377991	729.133667	30.062466
354.377991	746.479492	29.819727
354.377991	759.120789	32.074860
354.377991	769.117065	31.253910
354.377991	774.658020	32.141991
354.377991	787.049072	30.092154
354.377991	802.003113	31.438540
354.377991	834.217041	35.247543
354.377991	834.718567	36.108074
354.377991	835.052063	32.715244
354.377991	861.175171	35.107147
354.377991	863.462585	31.563953
354.377991	879.820251	40.710976
355.596008	748.759521	30.733086
355.596008	749.497070	30.813795
355.596008	755.807739	30.721495
355.596008	758.559570	30.974600
355.596008	768.195984	30.667135
355.596008	774.698547	29.200066
355.596008	785.078918	31.485052
355.596008	787.256531	34.813278
355.596008	788.191284	31.668095
355.596008	790.733887	30.974936
355.596008	808.391052	31.445206
355.596008	811.038330	30.744394
355.596008	835.940186	31.566769
355.596008	838.645813	31.154510
355.596008	841.931519	32.153980
355.596008	853.673767	33.368683
355.596008	867.340881	35.008564
355.596008	886.772217	32.235249
356.837006	732.349731	31.306324
356.837006	746.777954	30.744619
356.837006	750.191528	32.972511
356.837006	768.696350	34.087696
356.837006	775.605164	30.265665
356.837006	790.662231	33.894043
356.837006	790.924927	32.046963
356.837006	801.875000	31.581154
356.837006	801.942078	30.362614
356.837006	812.345093	31.374912
356.837006	814.805725	35.793804
356.837006	820.283875	31.279976
356.837006	824.786438	32.429707
356.837006	834.217041	36.799774
356.837006	834.718506	35.980553
356.837006	860.385315	32.760677
358.057007	751.027954	30.528408
358.057007	759.174072	31.129160
358.057007	788.330933	30.646013
358.057007	788.497314	31.097803
358.057007	809.212341	31.523270
358.057007	824.281189	31.433830
358.057007	824.716492	32.533249
358.057007	834.330261	32.114029
358.057007	839.624573	31.955811
358.057007	851.358398	31.807468
358.057007	851.671936	32.586853
358.057007	882.548218	32.553329
359.278992	757.881409	30.254213
359.278992	771.231384	30.336950
359.278992	818.939087	31.467823
359.278992	822.878967	31.937401
359.278992	834.220276	35.371758
359.278992	836.628296	32.216465
360.497986	743.695007	30.989677
360.497986	758.133484	31.681723
360.497986	768.195923	34.204041
360.497986	768.699158	29.497574
360.497986	772.010986	34.255764
360.497986	777.720154	30.244627
360.497986	795.154480	31.357323
360.497986	813.144287	31.492289
360.497986	820.586670	31.726513
360.497986	832.192932	32.049225
360.497986	871.159119	31.689999
360.497986	872.129700	31.822796
360.497986	882.850891	32.017826
360.497986	885.133362	32.597214
361.718994	723.312683	29.790880
361.718994	738.178162	30.928209
361.718994	751.268372	30.317411
361.718994	756.257019	30.322950
361.718994	758.262512	33.389599
361.718994	808.119690	31.349955
361.718994	820.265076	32.291443
361.718994	842.528687	32.410816
361.718994	855.323364	32.810837
361.718994	884.165833	32.734962
361.718994	886.772278	33.123444
362.945007	724.334595	29.517323
362.945007	735.991699	30.034054
362.945007	765.809570	30.069857
362.945007	766.467041	30.511133
362.945007	770.197510	29.978891
362.945007	772.333618	34.693031
362.945007	779.525269	30.022108
362.945007	797.129395	34.024479
362.945007	798.548035	32.111820
362.945007	811.751831	32.185913
362.945007	822.749023	35.250191
362.945007	834.217041	35.790375
362.945007	841.338318	31.456070
362.945007	883.192566	32.508919
362.945007	885.939819	32.564430
362.945007	892.520691	32.864216
364.165009	722.397034	28.959023
364.165009	723.398804	28.081074
364.165009	751.047302	30.743376
364.165009	758.265259	34.864838
364.165009	768.195984	33.509113
364.165009	768.696350	36.927052
364.165009	795.259827	30.600023
364.165009	799.211792	31.177008
364.165009	799.718506	31.399252
364.165009	814.971252	32.747097
364.165009	820.807617	36.479397
364.165009	823.630371	31.233013
364.165009	855.450867	32.438625
364.165009	857.526733	32.185909
364.165009	877.174561	31.429850
365.388000	736.450195	29.385366
365.388000	760.194275	29.828381
365.388000	766.774719	31.053368
365.388000	769.701355	34.555130
365.388000	776.699341	31.844879
365.388000	795.157471	31.707737
365.388000	795.762756	31.434603
365.388000	798.863159	33.135265
365.388000	804.805847	31.443323
365.388000	811.463196	34.318062
365.388000	824.284302	35.152359
365.388000	866.121582	33.045658
365.388000	884.423340	33.154980
365.388000	893.667053	33.721809
366.630005	722.079224	30.977310
366.630005	722.394470	32.804726
366.630005	744.877930	29.999178
366.630005	758.764404	38.353764
366.630005	774.325317	32.182568
366.630005	774.967773	31.268528
366.630005	775.756042	30.490408
366.630005	783.701965	30.462313
366.630005	797.661377	31.313589
366.630005	807.300110	34.721306
366.630005	817.083252	31.984259
366.630005	834.217102	31.377520
366.630005	864.515869	32.910694
366.630005	869.102478	31.626509
366.630005	878.078430	33.420105
367.850006	723.529419	29.482950
367.850006	755.671143	36.104855
367.850006	768.696350	38.537682
367.850006	769.197205	30.993248
367.850006	776.173767	31.124792
367.850006	793.033997	32.116093
367.850006	797.156616	30.411278
367.850006	805.858093	30.857769
367.850006	809.132019	32.769573
367.850006	810.548706	35.620102
367.850006	822.752258	32.675720
367.850006	857.735718	32.249336
367.850006	858.738037	33.385403
367.850006	860.361633	32.768589
367.850006	864.150879	31.418604
367.850006	870.734802	32.662445
367.850006	891.969788	33.716732
369.074005	729.347778	29.247370
369.074005	747.446777	30.520761
369.074005	749.645813	30.309629
369.074005	757.304871	30.435816
369.074005	759.766907	31.248596
369.074005	760.112732	29.166395
369.074005	806.070007	31.424725
369.074005	807.660461	31.023678
369.074005	815.912048	31.015108
369.074005	847.030518	33.019131
369.074005	860.951355	32.798889
369.074005	875.332886	32.551247
369.074005	897.126709	33.214779
370.295990	740.417480	29.338896
370.295990	745.762756	29.960842
370.295990	791.160889	30.929867
370.295990	810.449646	31.118410
370.295990	823.808044	32.348461
370.295990	872.603577	33.215740
371.518005	757.873047	30.796412
371.518005	757.990662	30.936991
371.518005	773.767456	30.809975
371.518005	776.185364	30.165123
371.518005	781.307434	31.676714
371.518005	789.586121	30.679615
371.518005	797.319763	31.789518
371.518005	823.278320	32.460506
371.518005	828.775085	31.840528
371.518005	843.356445	32.811546
371.518005	846.200562	36.187611
371.518005	861.103882	31.749790
371.518005	866.097656	32.911163
371.518005	869.690796	32.477070
371.518005	869.807861	33.075447
371.518005	871.286865	33.403214
371.518005	892.982605	32.179558
371.518005	899.533569	34.097305
371.518005	899.558899	34.115147
372.734009	720.371155	30.190878
372.734009	783.940491	30.356831
372.734009	785.699341	30.938745
372.734009	790.039001	31.672955
372.734009	794.540955	30.945236
372.734009	831.314026	31.399197
372.734009	834.213806	35.601254
372.734009	837.649170	31.702940
372.734009	844.817932	31.236408
372.734009	845.513794	33.145214
373.942993	737.645386	29.895987
373.942993	745.762756	30.650637
373.942993	802.610107	31.233248
373.942993	813.754700	31.586435
373.942993	858.137146	33.854481
373.942993	861.015747	33.336502
373.942993	864.232727	33.595951
373.942993	864.260010	33.143291
373.942993	867.646118	31.619680
373.942993	875.750122	32.856098
373.942993	880.419556	38.002125
373.942993	882.520081	32.744663
373.942993	885.165283	32.263897
373.942993	890.273804	32.581379
375.153992	721.490967	29.865837
375.153992	725.728638	28.553232
375.153992	727.998596	29.878912
375.153992	731.666565	29.578362
375.153992	735.967590	29.859753
375.153992	757.128662	30.598894
375.153992	757.232117	30.482580
375.153992	758.357727	30.050777
375.153992	760.216797	35.959225
375.153992	771.668518	30.693459
375.153992	781.125671	31.384426
375.153992	787.265381	30.832794
375.153992	824.252563	32.306995
375.153992	824.919983	33.126259
375.153992	834.145874	31.972792
376.368988	737.621155	33.662029
376.368988	744.416931	30.404945
376.368988	745.806519	30.654114
376.368988	791.456665	31.186188
376.368988	792.141479	32.007965
376.368988	804.741516	30.808193
376.368988	806.832275	31.161079
376.368988	807.608032	31.672113
376.368988	819.571716	35.022602
376.368988	824.789612	30.996502
376.368988	828.935181	32.060349
376.368988	838.039795	32.738880
377.578003	720.155762	29.691454
377.578003	720.404907	31.546795
377.578003	730.048828	29.728079
377.578003	730.141541	29.915285
377.578003	742.773071	33.999062
377.578003	748.600037	30.783485
377.578003	778.643799	30.054764
377.578003	779.522400	34.909557
377.578003	783.354553	34.438950
377.578003	799.994812	30.722452
377.578003	801.594727	30.907257
377.578003	820.542542	31.131498
377.578003	825.686951	31.272404
377.578003	830.703064	31.182188
377.578003	844.182190	31.462563
377.578003	860.554688	32.430908
377.578003	892.767700	38.208698
378.794006	727.226685	29.358187
378.794006	746.339844	29.843071
378.794006	749.150146	31.107986
378.794006	757.366333	30.310833
378.794006	787.621277	31.467871
378.794006	794.652100	31.153362
378.794006	802.933594	33.026955
378.794006	817.562988	31.458935
378.794006	854.269958	31.643127
378.794006	864.314514	33.479164
380.006989	774.895386	32.005165
380.006989	785.519043	36.313900
380.006989	794.724304	32.285484
380.006989	799.193665	31.548658
380.006989	805.796692	30.894539
380.006989	824.576660	32.095387
380.006989	842.226746	31.258965
380.006989	858.940735	32.623554
380.006989	879.204041	33.089508
380.006989	892.381165	33.471443
381.226013	725.290649	33.218399
381.226013	734.332886	30.736925
381.226013	743.795776	34.057358
381.226013	758.169983	33.998524
381.226013	765.468323	30.930975
381.226013	768.198853	33.361652
381.226013	779.046448	31.189276
381.226013	780.127441	31.146027
381.226013	833.706299	35.507133
381.226013	839.294861	31.405746
381.226013	869.897400	33.810055
381.226013	874.034241	33.769043
381.226013	876.244263	32.469360
381.226013	887.499268	33.053574
382.450012	742.824707	30.792891
382.450012	776.958008	30.615770
382.450012	794.763367	31.422495
382.450012	825.610474	32.398235
382.450012	834.721741	32.647854
382.450012	851.875427	38.148575
382.450012	870.986572	32.205059
382.450012	872.119385	31.687963
383.678009	740.441833	30.876469
383.678009	754.290100	29.217243
383.678009	758.977600	30.619499
383.678009	775.828491	32.157131
383.678009	783.219177	30.203009
383.678009	812.618652	31.390886
383.678009	834.217041	33.857094
383.678009	836.216003	31.899565
383.678009	850.255859	31.981609
383.678009	861.171753	33.546608
383.678009	861.677368	32.754646
383.678009	869.226257	32.933544
383.678009	890.555542	33.621494
383.678009	894.305725	32.931259
383.678009	899.044922	32.834423
384.904999	730.167969	30.282305
384.904999	759.157166	31.432060
384.904999	768.195923	30.817213
384.904999	834.715271	32.372097
384.904999	887.609253	33.834236
386.135986	763.983826	34.108494
386.135986	767.205322	34.691647
386.135986	787.766724	30.806520
386.135986	840.111389	34.898441
386.135986	854.058899	32.119751
386.135986	866.015564	32.512936
386.135986	868.233032	32.579121
386.135986	883.869385	37.159649
387.363007	723.971191	30.688852
387.363007	740.328430	30.619373
387.363007	749.169556	29.925444
387.363007	790.298462	30.476950
387.363007	813.474487	30.880384
387.363007	846.095032	32.262707
387.363007	858.555847	32.942799
388.593994	723.398804	30.068197
388.593994	733.457642	30.620651
388.593994	735.092041	29.780542
388.593994	740.287720	29.405174
388.593994	743.281433	30.247210
388.593994	759.123535	29.374304
388.593994	782.975037	33.211693
388.593994	814.727722	30.433813
388.593994	841.407166	32.927822
388.593994	855.870850	31.352680
388.593994	859.194214	33.022068
388.593994	862.703613	31.626755
388.593994	870.104065	34.993996
388.593994	891.626648	32.945293
389.822998	726.316833	29.722887
389.822998	750.740662	29.124285
389.822998	754.626587	34.232822
389.822998	765.957458	31.643692
389.822998	781.421692	31.036743
389.822998	793.075928	30.232977
389.822998	800.851929	31.057346
389.822998	802.707703	36.211739
389.822998	809.227722	31.770060
389.822998	831.108093	32.872364
389.822998	835.930420	31.842112
389.822998	843.109924	32.281689
389.822998	858.971069	37.598724
389.822998	868.356628	33.165268
389.822998	888.340881	32.604282
389.822998	888.586182	32.552738
391.050995	735.654114	31.077503
391.050995	740.504028	29.404480
391.050995	757.850586	30.678484
391.050995	796.021912	31.768692
391.050995	837.372620	31.724863
391.050995	849.218506	32.254921
392.302002	750.332275	29.763288
392.302002	752.413879	30.339287
392.302002	765.252380	33.129292
392.302002	793.114929	30.517817
392.302002	805.747559	31.912613
392.302002	807.509460	32.341595
392.302002	810.189575	31.180674
392.302002	810.319580	31.282333
392.302002	831.439514	31.335163
392.302002	832.750732	31.508816
392.302002	841.656189	31.697924
392.302002	849.733643	31.747866
392.302002	862.020386	43.148426
392.302002	889.450745	32.778297
392.302002	899.903015	31.573162
393.520996	763.921448	30.372095
393.520996	767.935974	29.245338
393.520996	781.849915	34.145473
393.520996	809.945007	30.721270
393.520996	814.724548	31.768152
393.520996	825.327148	32.477028
393.520996	826.292297	31.529459
393.520996	840.284546	32.721851
393.520996	866.946716	33.800652
393.520996	867.121460	32.237049
394.744995	722.394470	36.051872
394.744995	731.188660	30.556995
394.744995	739.291138	31.050535
394.744995	743.471924	30.338684
394.744995	748.138428	30.008993
394.744995	750.804260	29.400953
394.744995	772.045654	31.054659
394.744995	800.493164	31.249163
394.744995	803.896545	33.843578
394.744995	812.749268	34.942467
394.744995	825.301758	31.353760
394.744995	834.721802	31.930059
394.744995	846.111389	31.996868
394.744995	854.551636	31.312611
394.744995	859.248352	31.533627
394.744995	878.878784	33.143944
394.744995	891.169434	32.377979
395.967010	731.743591	29.258270
395.967010	780.964539	30.649242
395.967010	783.460510	30.478952
395.967010	801.335876	30.716743
395.967010	811.972290	36.551666
395.967010	814.194214	31.843859
395.967010	822.125427	31.052338
395.967010	825.671021	30.635138
395.967010	828.451721	31.149826
395.967010	843.363037	31.228107
395.967010	847.235657	31.136131
395.967010	872.015686	33.314796
397.187988	720.716431	29.056770
397.187988	732.988647	29.552212
397.187988	781.137451	31.153597
397.187988	803.428650	31.116875
397.187988	815.164917	32.172405
397.187988	815.427368	31.181709
397.187988	826.754822	35.341694
397.187988	830.992432	36.425259
397.187988	838.955566	35.884800
397.187988	840.752380	32.496662
397.187988	856.297852	31.587471
398.416992	722.449219	32.623211
398.416992	722.712524	29.541615
398.416992	740.276978	30.767609
398.416992	744.294312	29.916452
398.416992	747.109558	30.253267
398.416992	816.679016	31.774675
398.416992	838.049622	31.347672
398.416992	840.529907	32.248974
398.416992	849.152161	32.858849
398.416992	861.809875	32.280212
398.416992	869.477478	33.602455
399.635986	758.851379	31.149393
399.635986	766.982910	31.081200
399.635986	785.989136	30.811697
399.635986	815.686890	30.836298
399.635986	819.316711	32.260777
399.635986	850.582153	33.526474
399.635986	856.355042	32.733574
399.635986	872.340759	33.387417
399.635986	894.898315	33.289791
399.635986	898.864075	34.343571
400.851990	754.774109	30.338276
400.851990	763.986694	29.709450
400.851990	768.193176	30.657978
400.851990	769.197266	32.974228
400.851990	776.551270	31.236387
400.851990	777.825012	30.176928
400.851990	780.118713	31.642841
400.851990	794.925842	30.786995
400.851990	805.379272	32.261417
400.851990	823.639954	32.575741
400.851990	846.042053	32.159328
400.851990	850.951843	31.689123
400.851990	851.098450	32.477806
400.851990	881.033508	31.745930
400.851990	899.160706	34.121021
402.082001	773.429565	31.491211
402.082001	783.716675	35.522713
402.082001	788.761902	31.630587
402.082001	799.909790	36.465160
402.082001	801.040649	32.213310
402.082001	810.716064	31.846228
402.082001	835.525146	33.860840
402.082001	844.963013	33.077381
402.082001	858.403748	32.556774
402.082001	872.378784	32.381763
402.082001	883.583801	32.770267
403.291992	735.078674	30.518650
403.291992	761.616943	30.393396
403.291992	765.417175	30.898790
403.291992	768.699219	30.142847
403.291992	769.200073	30.932617
403.291992	773.163940	31.021923
403.291992	826.107422	32.255898
403.291992	845.312500	35.844822
403.291992	882.984741	32.507591
403.291992	893.043457	31.827261
404.497986	736.259827	29.849676
404.497986	751.367859	29.970909
404.497986	763.782654	30.592093
404.497986	768.196045	33.857594
404.497986	797.876160	31.890020
404.497986	804.423035	32.452393
404.497986	822.163452	30.513060
404.497986	825.448181	32.452679
404.497986	828.218140	31.394180
404.497986	829.749512	31.654694
404.497986	853.145081	32.833858
404.497986	857.412170	33.578094
404.497986	860.171997	33.574409
404.497986	863.721497	32.001289
404.497986	890.541321	33.024578
405.700012	739.318176	30.437963
405.700012	759.845581	29.692711
405.700012	760.847412	30.328283
405.700012	772.019714	30.406933
405.700012	781.014404	30.900515
405.700012	785.279785	31.316813
405.700012	788.271545	30.393908
405.700012	815.808838	32.346241
405.700012	855.202454	31.309515
405.700012	857.476196	36.088627
405.700012	868.662476	37.023087
405.700012	872.804321	33.575024
405.700012	882.259766	37.686672
406.907990	723.683472	34.319668
406.907990	731.302734	30.681234
406.907990	738.608948	30.614742
406.907990	749.819336	30.653910
406.907990	756.765198	31.437281
406.907990	783.687134	30.582891
406.907990	853.543152	34.435402
406.907990	856.422180	32.336132
406.907990	879.116516	32.137211
406.907990	879.935730	32.633957
406.907990	881.145691	32.704597
406.907990	889.881653	39.143108
406.907990	891.615845	35.244846
408.118988	742.001953	29.918701
408.118988	761.868103	29.546652
408.118988	764.817749	34.086357
408.118988	777.941406	31.111670
408.118988	804.199402	31.630600
408.118988	813.178528	35.399689
408.118988	814.468628	32.252422
408.118988	817.393616	30.536074
408.118988	828.138062	36.391731
408.118988	828.637329	31.929327
408.118988	846.246765	32.252224
408.118988	856.873169	32.671024
408.118988	870.421021	33.576538
408.118988	871.946533	32.504929
408.118988	873.510681	32.313873
408.118988	884.783569	32.525265
409.335999	721.527344	30.350973
409.335999	731.297424	30.636194
409.335999	733.462952	29.278461
409.335999	769.306030	31.222595
409.335999	774.374451	30.495661
409.335999	776.998718	33.476757
409.335999	780.598511	35.955467
409.335999	789.535461	30.843216
409.335999	822.115906	32.323292
409.335999	824.347839	32.162304
409.335999	837.704468	31.112942
409.335999	847.914612	32.129002
409.335999	860.246399	33.835636
409.335999	889.760559	40.037262
410.550995	723.398743	29.768276
410.550995	735.407776	29.940577
410.550995	738.218445	29.412992
410.550995	747.112183	29.877918
410.550995	778.833374	30.437435
410.550995	830.137695	31.983328
410.550995	831.709839	31.290543
410.550995	835.492676	31.595928
410.550995	870.107422	33.068985
410.550995	885.345459	32.666206
411.766998	735.193665	30.829220
411.766998	738.420349	31.255405
411.766998	750.183228	30.204922
411.766998	750.914612	29.871357
411.766998	757.103455	30.753929
411.766998	772.152100	30.398058
411.766998	778.885864	35.135880
411.766998	781.917419	29.440397
411.766998	787.553040	34.719460
411.766998	864.945801	32.912312
411.766998	882.083801	32.327518
411.766998	885.727478	33.759296
412.975006	742.031860	30.229256
412.975006	749.166687	30.247099
412.975006	754.192749	34.828434
412.975006	803.404175	30.367313
412.975006	823.262451	35.876316
412.975006	852.710388	31.835327
412.975006	869.136841	33.470577
412.975006	878.294983	33.161476
412.975006	879.365051	32.087612
412.975006	887.112610	32.750824
414.183014	781.861755	31.243219
414.183014	783.360413	31.528032
414.183014	793.432861	31.740173
414.183014	823.969971	31.031628
414.183014	871.711609	32.239399
415.386993	748.699036	30.103659
415.386993	799.308899	30.965551
415.386993	820.277649	34.207729
415.386993	892.467041	32.381691
415.386993	898.860413	33.099804
416.589996	720.137573	29.309824
416.589996	723.435303	29.432274
416.589996	762.051575	29.975758
416.589996	766.831726	31.741261
416.589996	773.068726	30.880375
416.589996	801.536804	30.621510
416.589996	805.621643	29.839445
416.589996	810.273071	31.123993
416.589996	812.313965	31.787525
416.589996	851.215027	31.609795
416.589996	852.493103	33.836948
416.589996	864.802429	37.836117
416.589996	871.442139	32.003906
417.799988	721.740723	29.316288
417.799988	745.251892	30.436411
417.799988	777.714355	30.147753
417.799988	789.065247	31.543655
417.799988	790.584717	31.711655
417.799988	798.911682	31.980976
417.799988	843.724731	32.267197
419.010986	723.417053	30.784170
419.010986	735.145569	30.174736
419.010986	737.166931	29.699343
419.010986	759.716248	30.501726
419.010986	820.176697	32.009075
419.010986	827.147400	31.898268
419.010986	854.166077	32.197468
419.010986	866.710388	33.833752
419.010986	867.972107	32.442692
419.010986	880.202148	33.012165
420.225006	741.974854	30.497641
420.225006	794.934814	31.329651
420.225006	817.732483	33.032177
420.225006	824.443176	34.918068
420.225006	845.140991	31.740154
420.225006	855.682617	31.862473
420.225006	867.217468	35.187164
420.225006	869.721741	32.127335
420.225006	890.730347	33.402805
421.441986	725.820496	29.252254
421.441986	761.436462	30.909670
421.441986	765.792480	31.041954
422.660004	721.366089	29.389423
422.660004	726.232788	29.834961
422.660004	726.716370	29.578377
422.660004	735.252563	29.456818
422.660004	770.452942	31.717823
422.660004	815.233643	30.985056
422.660004	835.635376	32.701202
422.660004	836.378296	31.112801
422.660004	855.377014	32.134254
422.660004	879.568054	32.298836
423.882996	722.957642	33.272717
423.882996	738.005859	28.744631
423.882996	740.125549	29.705427
423.882996	756.337952	29.759426
423.882996	760.402527	31.084932
423.882996	771.219910	34.867619
423.882996	771.239990	31.270788
423.882996	775.170471	30.369669
423.882996	795.814026	31.241724
423.882996	797.198914	30.335913
423.882996	814.081970	30.453278
423.882996	833.667542	31.889973
423.882996	841.204102	32.308479
423.882996	859.326050	31.840538
423.882996	861.687561	32.807697
423.882996	881.795654	33.542267
423.882996	894.959351	32.203770
425.101013	720.251770	28.762552
425.101013	755.528931	30.048275
425.101013	798.127197	35.814045
425.101013	798.999573	30.450914
425.101013	831.098450	31.877111
425.101013	834.812439	32.252155
425.101013	858.805542	32.210648
425.101013	860.849548	37.206470
425.101013	867.862244	32.679928
425.101013	877.558228	35.737724
425.101013	882.298401	33.903423
425.101013	883.062256	31.897263
425.101013	885.617859	32.540737
425.101013	887.989197	32.106102
426.316010	741.822998	29.446712
426.316010	748.699036	30.417231
426.316010	775.138672	31.183640
426.316010	832.334839	32.226826
426.316010	842.495850	31.991623
426.316010	849.510986	31.235683
426.316010	863.619263	36.277607
426.316010	890.655457	33.016479
426.316010	893.398193	32.762970
427.531006	721.126892	29.105627
427.531006	721.912537	30.880075
427.531006	783.846191	31.930006
427.531006	795.753723	33.968349
427.531006	797.156616	30.437168
427.531006	799.663879	31.623629
427.531006	871.214355	31.991051
427.531006	871.424927	32.915096
427.531006	891.615906	32.203014
428.746002	720.994385	29.064335
428.746002	736.605835	30.226206
428.746002	750.312988	30.943144
428.746002	751.860168	32.880959
428.746002	760.132385	30.597198
428.746002	764.015015	29.984484
428.746002	774.169189	31.663830
428.746002	779.335449	30.202469
428.746002	796.112427	29.872061
428.746002	810.301025	32.103233
428.746002	822.109619	32.340096
428.746002	825.352661	32.726620
428.746002	826.164856	32.112015
428.746002	846.498047	31.495922
428.746002	851.435120	32.335266
428.746002	872.323425	32.106243
428.746002	876.178162	31.877625
429.962006	722.636902	29.124180
429.962006	723.417114	29.388769
429.962006	739.075378	30.064741
429.962006	768.207458	30.013845
429.962006	804.867249	31.572264
429.962006	809.617249	30.922678
429.962006	857.907776	33.605965
429.962006	868.174683	33.273510
429.962006	870.024841	32.152973
429.962006	870.997009	33.196461
429.962006	892.953979	34.047672
429.962006	894.905518	33.351379
